id,SV1,SV2,SV3,SV4,SV5,SV6,SV7,SV8,SV9,SV10
novaehollandiae_C.584421_Barrington-Tops_01,3.62061540574154E-004,1.11202040867283E-002,3.61034177114278E-002,2.16119729730496E-002,-1.43954963637264E-002,-4.08540369298885E-003,7.70035178899433E-003,-6.81747043903537E-004,4.49087043167975E-003,8.65087062093423E-004
novaehollandiae_C.584422_Barrington-Tops_01,6.13869475206588E-002,-8.86845952205359E-003,2.00189875087627E-002,6.53410565902346E-004,-2.41875816168829E-002,-8.56829530647561E-003,-1.93194407238219E-003,4.18372127575261E-003,-7.29044705495599E-003,-4.07704962342856E-003
novaehollandiae_C.584423_Barrington-Tops_01,-3.25764045414545E-002,1.27088581695221E-002,1.52715447104797E-002,4.03486290526800E-002,-5.89275072026929E-004,-5.08208760821750E-003,3.75369750741663E-003,-9.02717873714284E-004,-2.82973089653468E-003,-5.71952140049379E-004
novaehollandiae_QM10840_Bellengen_01,-5.87700645039294E-002,5.28742317688611E-002,1.01027599033074E-002,-5.97980938291433E-003,-2.99134930877439E-002,1.41147587027658E-002,-3.50667336638380E-003,-5.79240651725740E-003,6.80527394960321E-003,4.62849912805645E-004
novaehollandiae_QM127113_Acacia-Plateau_01,6.83240723692486E-002,3.76250841288844E-003,1.25361566468915E-002,2.88699808949174E-002,-7.73844234270974E-003,-8.92674857246397E-004,-1.00814784147567E-002,3.15882500446548E-003,2.79031911794317E-003,-7.77904966744396E-004
novaehollandiae_QM17248_Broader-Ranges_01,8.68322626145051E-002,-3.39429088971448E-002,-3.27222572614598E-002,-1.14210124090104E-002,-1.04757879635728E-002,-3.33020828294913E-003,-1.19685782068452E-002,-5.90960039442148E-003,1.18336889420675E-002,-2.74035097401933E-003
novaehollandiae_QM19139_Way-way_01,-3.35946701242709E-002,-1.13043016264328E-002,3.28063968984592E-002,7.01642596772444E-003,-1.53215064824852E-002,-1.40190576627251E-002,1.00964439633519E-003,6.40055538008868E-004,1.24312508855519E-003,-6.42204132979719E-004
novaehollandiae_QM31445_Boorgana_01,1.12362412547791E-001,-6.65672102492932E-003,4.58141403542216E-002,3.90661568859687E-003,4.57449104175363E-003,-2.20328824075442E-003,-1.90579410474815E-003,2.74582466164104E-004,-1.07872970864152E-003,1.31214923969230E-003
novaehollandiae_QM31867_Telegherry_01,1.30217613863626E-001,-1.46712733466173E-002,4.67430828570612E-002,1.78607103405620E-002,1.78066847551037E-002,-1.19563195832484E-002,8.05079737672513E-003,5.99250743943918E-003,1.90479366091076E-003,-1.55003606485874E-003
novaehollandiae_QM32917_New-England_01,9.19670578477079E-002,5.61250450162624E-003,-1.51422608266429E-002,-1.05302582226910E-002,1.10938342886282E-002,-1.20760961182386E-003,-9.41921904764056E-003,9.10299225941473E-004,1.65982939644347E-003,-4.40359961599559E-003
novaehollandiae_QM33065_Dorrigo_01,5.96305098291801E-002,6.34515233280396E-003,2.15838303927404E-003,-1.17910316433634E-002,-1.90512798788375E-002,-1.48280209753366E-002,3.88164442661243E-004,-3.04939183571289E-003,-1.22233670379259E-003,2.26875254160654E-003
novaehollandiae_QM33097_Bruxner_01,8.51831812678387E-003,-6.56265814688114E-003,-7.15364157049345E-003,5.14206265520005E-003,9.43358977621020E-003,-1.99517228687800E-003,-2.20983602372774E-003,-2.61171655937741E-003,4.62367942802491E-003,-2.10386999979933E-004
novaehollandiae_QM36992_Daisy-Plains_01,-1.29525597177409E-002,-7.74749790707705E-003,1.62557566527156E-002,1.18642463982465E-002,-2.24297062459127E-002,-2.60752865646481E-002,-4.25240341054952E-003,4.31889944120838E-003,1.32133873016475E-002,-3.24921283374502E-003
novaehollandiae_QM56374_Dungog_01,5.23604803696405E-002,6.32361664099977E-003,4.95727842675166E-002,3.64840053538146E-002,-4.66582705351457E-003,-1.03152644335427E-002,8.63628921151321E-004,9.14608463978051E-003,2.57002848329710E-003,-1.81968285642858E-003
novaehollandiae_QM66656_Warwick_01,-3.79309615367286E-003,-6.82677221934776E-003,-2.32682987344227E-003,2.45550375446012E-002,1.12419952719581E-002,-4.68717649127955E-003,-1.00266446638106E-002,1.77040054782274E-004,1.19343326091748E-003,-3.29459543857701E-004
richmondiana_C.348955_Terania_01,-2.93123411126382E-002,-4.21589020670285E-002,-3.55763413784699E-002,3.98714038251648E-002,4.86695625424741E-003,-1.74608922025381E-002,-5.98188330185979E-003,7.38556528837498E-003,-2.06016186263695E-004,7.13556757673040E-003
richmondiana_QM10496_Mt-Warning_01,5.73971968070511E-002,-7.17434585690888E-002,2.27212641344562E-002,2.85348128810087E-002,-1.70846705569317E-002,-2.45265260517690E-003,-1.20665430066667E-005,-4.98074410070969E-003,-1.62446507749697E-003,-7.16664521241275E-003
richmondiana_QM19051_Lamington_01,-1.32043537190708E-002,1.74696450578745E-002,7.43383550923870E-005,4.48927427287532E-002,-3.34306943014244E-002,-1.18842818546127E-002,-7.43573730351459E-003,-1.18212306426796E-002,-4.38224448780304E-004,-2.25384883893239E-003
richmondiana_QM19051_Lamington_02,4.42898526445773E-003,-3.87558040130375E-002,-3.23174458228167E-002,3.07572448192591E-002,-4.74002233822272E-003,7.85196876064895E-004,1.30173831711800E-003,-1.78983096319041E-003,-3.10232426643550E-003,2.27040711975732E-003
richmondiana_QM19051_Lamington_03,-4.39242652445044E-002,-2.89449322377417E-003,-4.42927759516089E-003,4.85586743319664E-002,-2.79831723294145E-002,-3.70614582113819E-003,-8.83527196509001E-003,-7.60064287119363E-003,5.01770071415548E-005,-3.96171846832057E-004
richmondiana_QM19051_Lamington_04,-1.02461384192123E-001,8.20867083471806E-003,-4.16274001624249E-002,2.09963519066251E-002,-1.67298206555552E-002,1.77041297217969E-004,-1.33914702824803E-002,-9.69078500216807E-003,-2.13935176618566E-003,1.77331854543729E-003
richmondiana_QM25801_Lewer_Ballanjoi_01,-2.40114675680402E-002,-4.53721826619235E-002,-3.11270467442456E-002,3.20524361398030E-002,-4.82814008807045E-003,-1.56586707616265E-003,1.62484794475647E-003,-2.48551582235607E-003,4.76434409707525E-003,2.18696785352818E-003
richmondiana_QM25801_Lewer_Ballanjoi_02,5.68124036462305E-004,-6.01145187793949E-002,-9.02295949986663E-004,2.86336418943368E-002,-2.41618962978148E-002,1.67019564949947E-002,7.77513396357804E-003,-5.95658936200205E-003,9.17236395746391E-003,-8.34562911163784E-003
richmondiana_QM4235_Mt-Glorius_01,8.84978834777914E-002,-3.55634024003417E-002,7.62704157323630E-003,3.69975933063678E-002,1.37141702552975E-002,1.56008923167060E-003,-6.64629216205316E-003,-1.50205145336820E-002,-4.13589646172767E-003,9.48722968269623E-003
richmondiana_QM55411_Lamington_01,-4.00564548457535E-002,-2.23219391794896E-002,-6.84923199038850E-003,3.88898264430908E-002,-1.60046403279448E-002,4.92772469439667E-003,3.48937820175130E-003,-5.02796333786594E-003,-3.21265918597605E-003,4.59184325616617E-003
richmondiana_QM55413_Lamington_01,-1.26571561071447E-001,-9.13756999495251E-003,-1.44250334614959E-002,5.66114272166323E-002,-5.15802194899677E-004,-1.03677227283848E-002,1.02951461535293E-003,9.07439609463798E-005,-3.69962217521223E-003,-3.26208493227643E-003
richmondiana_QM55448_Lamington_01,-3.63855304969197E-002,-2.18345870331794E-002,1.57761087105618E-002,4.07744230707789E-002,-9.27710141326948E-003,1.20243554847801E-003,-6.36858020518483E-003,1.36319701983821E-003,8.64693289516342E-003,-5.72092960026702E-003
richmondiana_QM62693_Canondale_01,1.28387672607404E-001,-5.37455342467331E-002,-1.74649776644421E-002,9.22872336136155E-004,-5.51343693816967E-003,-2.19771191667725E-002,2.72580312257040E-003,-1.14771117321682E-002,-1.62316549376111E-003,-2.42121687950263E-003
sp2_C.271927_Coolah-Tops_01,2.01545707361307E-002,8.46518377197175E-002,-6.33500246574786E-002,4.69994208348264E-002,-3.42143465723218E-003,-7.20078704620351E-003,-2.03634641025535E-003,8.56281504167062E-003,-1.22365756539593E-002,-3.38556392778143E-003
sp2_C.271928_Coolah-Tops_01,3.24193107795033E-002,7.98281290633424E-002,-3.55036224168362E-002,2.48619088439857E-002,2.23874014298428E-003,-1.23603023401791E-002,-1.30958878924919E-002,6.27400460976190E-003,2.92541250698950E-003,-3.46673351590157E-004
sp1_C.478667_Mt-Kaputar_02,1.29628238602120E-001,2.68396357917295E-002,3.21312379999562E-002,4.58871064335548E-003,1.26799601260294E-002,3.63367936073768E-003,1.52368340350416E-002,1.40379655843973E-002,4.64960354769670E-004,4.95130894769180E-003
novaehollandiae_C.582443_Main-Range_01,5.92597032157778E-002,2.04952908033709E-002,-6.46173895671518E-003,2.04801720361857E-002,1.12180427466582E-002,8.25150246414721E-003,5.05180818611006E-004,2.01119804425487E-002,-6.25362936890132E-003,5.82629861088002E-003
novaehollandiae_QM17029_Gibraltar_01,-2.34556077279380E-002,2.87764017437941E-002,-1.57230083730533E-002,9.49408283904233E-003,-1.96129030835690E-002,9.69378429161676E-004,-2.87841579778727E-003,4.54517469771305E-003,6.99895863329827E-003,-2.32273063235247E-003
novaehollandiae_QM17029_Gibraltar_02,-1.06013690658900E-001,8.02990752534646E-002,-5.02101522444293E-003,-1.65441494711048E-002,-2.18457056279782E-002,1.32373821974498E-003,1.03737233577563E-003,1.00181366175650E-002,2.98469149612989E-003,-1.16961244738136E-003
novaehollandiae_QM17029_Gibraltar_04,-1.08229597429412E-002,5.14657497098697E-002,1.91532763892934E-002,5.74408785845283E-003,-1.17241277733058E-002,1.03049546584872E-002,2.57953607823873E-003,-4.33396366486840E-003,8.77274874869881E-003,-3.46671777938692E-003
novaehollandiae_QM17029_Gibraltar_05,-4.98513731964338E-002,2.72253154078972E-002,6.18286682583208E-003,1.47217856607137E-002,3.21177986065537E-003,-8.45315158365733E-003,1.07731221562342E-002,7.01240576083073E-003,1.43312836481815E-002,3.58124303468661E-004
sp1_QM32876_Mt-Kaputar_01,1.36550943229754E-002,7.82093046054545E-002,5.02400590345453E-002,2.84220136834752E-002,1.21200027320150E-002,-6.32001026873608E-003,7.74884264912044E-003,2.07520943332774E-003,-1.25564834541802E-002,1.96310598501040E-003
novaehollandiae_QM36956_Wilson-River_01,1.44613858068426E-001,1.68564229401753E-002,5.45250570534971E-002,1.21358395458951E-002,-4.60194475147234E-003,-2.72445233654802E-003,5.78544443027048E-003,8.46940458677426E-003,-2.21782051868910E-003,-2.94156098297900E-003
novaehollandiae_QM36956_Wilson-River_02,1.44635852673928E-001,-4.02210149894375E-003,6.72450804259496E-002,1.56980064899740E-002,-1.64920429037900E-002,-1.77865265476917E-003,-1.47406075716128E-003,2.57680266726499E-003,3.36149914346028E-004,1.89119748265932E-003
darlingtoni_MCZ99054_type,-3.00551740979083E-002,-1.24965047819350E-002,-3.52630698315513E-002,2.27932880106583E-002,-5.01785404033868E-003,-6.66598201055970E-003,7.88377248836734E-003,8.41634389855454E-003,8.20599110453374E-003,7.89127339042784E-003
darlingtoni_QM59910_Broader-Ranges_01,-3.83732187465482E-002,2.43132531441897E-003,-3.12872165044475E-002,1.53718001601478E-002,-2.15747925624743E-002,-9.09714399329756E-004,3.00994320879574E-003,6.20801170937112E-003,9.62410057371300E-003,1.21579135804692E-003
darlingtoni_QM59910_Broader-Ranges_03,-6.71767580499917E-002,-1.61309986256128E-002,-1.47089784576001E-002,4.34673729888976E-002,1.39284700389014E-002,2.95357703114988E-003,-3.06968632777410E-003,-1.62537618226806E-003,-1.97351985570016E-003,7.69655403634137E-004
novaehollandiae_NHM1977032_syntype,4.11367964725042E-002,-2.46903118237311E-002,2.52152146477671E-002,8.17539916153972E-004,-2.18019196818645E-002,-8.37784502179867E-003,-4.37442098830451E-004,2.16683787889691E-003,-1.37893113394949E-003,7.28643694233874E-003
richmondiana_NHM1983079_syntype,5.13223956016087E-002,-9.54001379110627E-002,-2.98069898012854E-002,1.56130239967767E-002,8.07247863256651E-003,1.44622773942380E-002,-1.87419365059783E-003,-5.62994524466802E-003,-8.92090638609815E-004,-4.03830284422564E-003
darlingtoni^_lamington_c.112130_01,5.51198612500756E-003,-2.87501687370436E-002,-2.56176723134002E-002,2.89045432707913E-002,2.93281573932746E-002,5.70263263366169E-004,-9.90420766733883E-003,7.45400204670939E-003,-2.63455533827481E-004,-3.42519577954135E-003
darlingtoni^_na_c.75747_01,2.89523543022251E-002,4.29770970118303E-002,-1.02084632728610E-001,-5.93209411587610E-002,1.48284471150215E-002,1.79555374651643E-003,-1.04894131221302E-002,-1.72652850812433E-003,8.15045623939037E-003,1.49523838548978E-004
darlingtoni_kyogle_c.111794_01,2.65381782147799E-002,6.48063599202037E-003,-2.08687244192099E-002,2.21405882589235E-002,5.15975780519841E-003,-2.18208533931492E-003,-8.51828434920043E-003,1.07078942246910E-002,-5.88602429915503E-004,-4.32076801055641E-003
darlingtoni_kyogle_c.111794_02,-3.63268175892477E-002,3.28985706570437E-002,-1.10323158107197E-001,-5.97166171605886E-003,2.15799484629076E-002,7.02102053410029E-003,2.88538033868504E-003,-1.09823467825982E-002,-3.41872323793166E-003,2.84569808815979E-003
darlingtoni_kyogle_c.272201_01,-3.29581651468826E-002,2.97994789285296E-002,-9.33262544580208E-002,-2.87752967225481E-002,1.50517442175103E-002,-2.61420796724325E-002,-5.41713292102299E-003,8.71430015084187E-003,1.13930726704229E-002,4.29655697038804E-003
mitchellae^_na_c.474697_01,1.59612565327512E-002,5.44162450513842E-002,6.81550470393490E-002,-2.15236964920113E-002,-1.33401942601773E-002,3.05738069839499E-003,-1.53710353577645E-002,1.90522558069436E-002,-1.81970653156358E-003,6.22774792211288E-003
mitchellae_bilinudgel_c.584209.001_01,-1.45177089459057E-002,-2.77918404285243E-002,1.51119945864224E-002,-2.02245181517070E-002,2.56593545451005E-002,1.20182991097112E-002,6.92981777834324E-003,2.34037230541155E-003,-2.91252273636221E-003,-2.06435307150002E-003
mitchellae_broken-head_c.114513_01,-1.66624221870108E-002,2.76513396354288E-002,-1.35230112660914E-002,-2.23489445824586E-002,1.78469325692326E-002,-1.07261194054569E-003,1.33118317839147E-002,-7.51665738492997E-003,4.13716602481701E-003,-1.06007292865134E-002
mitchellae_broken-head_c.114513_02,-7.74080919995684E-002,-2.55361377179132E-002,1.52010689470924E-002,-2.57622562338795E-002,7.45739527948901E-003,-4.55167522185171E-003,2.25071661956396E-003,-4.51562878426519E-003,-9.20173321179033E-003,3.88322413330523E-003
mitchellae_broken-head_c.114513_03,-7.64209297246394E-002,2.81931664839824E-002,3.93131800700186E-002,1.40294166161405E-002,2.07141989126452E-002,-4.09636611892460E-003,2.11670525881771E-002,-5.82646005280385E-003,-3.73045439823029E-003,-5.67741360630846E-004
mitchellae_broken-head_c.114513_04,-7.43963595292978E-002,-4.87648347359249E-003,1.20855822895484E-002,-5.18407807780306E-003,7.64254470706244E-003,2.34852903159488E-003,7.74861406659332E-004,1.03937673039243E-002,4.24484028416639E-003,9.08670778185553E-004
mitchellae_broken-head_c.114513_05,-8.32789064192133E-002,2.58169627016553E-002,-7.46621704484032E-003,3.11208928428288E-003,2.26508339251034E-002,1.29028058953331E-002,-9.65007528486628E-003,1.22163475607365E-002,3.68560080332846E-003,-2.04313291809855E-003
mitchellae_broken-head_c.114513_06,-4.26432413185844E-002,1.56391420059999E-003,-6.22917266860477E-004,-2.51346787839575E-002,1.52364237429207E-002,-3.77310677354313E-003,7.57380373125280E-003,-1.71030032149738E-006,-1.14204251051698E-002,4.75950057505830E-003
mitchellae_broken-head_c.114513_07,-7.26120337497523E-002,3.04605382127682E-003,1.38317933087149E-002,1.07306768416415E-002,3.90272837313482E-002,3.22472674770997E-003,-7.12231702460975E-003,9.96086284790544E-003,-4.45848113454286E-003,-8.59342124728855E-006
mitchellae_broken-head_c.114513_08,-7.69439624241444E-002,-1.92231603578668E-003,1.24507228542373E-002,-2.82650650670867E-003,3.85319122384767E-004,8.34042066514964E-003,-9.82662019566832E-003,-9.22174827579160E-003,-5.92902855055961E-003,4.70559632202154E-003
mitchellae_broken-head_c.114513_09,-5.68709232014026E-002,-1.60412596623562E-002,2.66738918639892E-004,-1.43966962577497E-002,-1.57078276031943E-002,-4.73641112465908E-003,-1.71153312644484E-003,-1.27349763566976E-003,4.47387849345806E-003,-7.51211712177400E-004
mitchellae_broken-head_c.114513_10,-6.02393362938119E-002,1.77514297256570E-002,1.06944588630936E-003,2.20610484027220E-002,1.24150209306501E-002,5.13359261090602E-003,-8.32444405215903E-003,-5.60125405692737E-003,8.91695447489106E-003,-1.91773109717637E-003
mitchellae_broken-head_c.114513_11,-6.88399327742378E-002,-1.04267308981793E-002,4.18795408172158E-003,-1.49974094368215E-002,-3.82151962095322E-003,-5.20110911526526E-003,-9.62389894987425E-003,7.34184607818166E-003,-2.82983395151258E-003,-3.22177336748870E-003
mitchellae_broken-head_c.114513_12,-7.50203380414429E-002,-1.66734999265519E-002,1.59169789089853E-002,-1.85067739540350E-002,1.26226150486382E-002,-7.72644214309856E-003,6.78760648725878E-003,9.26497996448556E-004,-1.44956071264822E-003,-4.10251767366440E-003
mitchellae_broken-head_c.114513_13,-1.14587363037587E-001,1.69901571834858E-003,-2.88364123248089E-002,-2.28415722244741E-003,-1.43148127901384E-002,-4.28756795200709E-003,6.19909716764560E-003,3.74221239330383E-003,-4.57230084785970E-003,-6.79463698337680E-003
mitchellae_broken-head_c.114513_14,-7.82403140449157E-002,-1.46668458536694E-002,8.22469249084367E-003,-1.03276563993283E-002,-2.06725561954637E-003,9.98918838165028E-004,-4.22463265874627E-003,-6.86500838750476E-003,1.30313457528594E-003,-2.63669004702497E-003
mitchellae_broken-head_c.114513_15,-5.43004298578595E-002,-1.34331749823048E-002,-1.56280271110292E-003,-2.37169193877843E-002,1.62488541434357E-002,-1.29105489807716E-002,-3.43466031107752E-003,-5.40288130001838E-003,-5.90282543204160E-003,-1.10987223399602E-002
mitchellae_broken-head_c.114513_16,-8.59985432994020E-002,-1.44568600597029E-002,2.34305763157925E-002,7.40733757546663E-003,-1.14650923557582E-002,-1.39230867897060E-003,-7.20236173565019E-003,-1.94210606029249E-003,-3.66322990956395E-003,1.12399776690842E-004
mitchellae_broken-head_c.114513_17,-9.45665630743966E-002,-3.21717979823070E-002,7.09335310448255E-003,-2.38918880133301E-003,2.36180443335773E-002,1.87933934144673E-002,-8.33845880154944E-004,9.33684420396642E-003,-9.56771381991543E-003,-3.72297474172766E-003
mitchellae_broken-head_c.114513_18,-1.31746943844463E-001,4.14954647980053E-002,4.98383850395862E-002,2.77328130487768E-002,3.01287322948002E-002,2.97999658908903E-002,-5.63431182111179E-003,1.39335945571557E-002,-4.61349791889002E-003,2.32813712730837E-003
mitchellae_broken-head_c.114513_19,-7.58017284186761E-002,-3.98312303987842E-002,1.40969336409994E-002,-2.08678009440207E-002,-7.05189867575527E-003,-1.92774842528909E-002,-1.71589234805348E-003,-1.74009321932737E-003,-8.35566577371903E-003,2.49652929272416E-003
mitchellae_broken-head_c.114513_20,-7.72814718716382E-002,-3.63827723514971E-002,1.88588009451611E-003,-1.94501291901329E-002,1.93015218434601E-003,-1.19421167466476E-002,-1.15718470296455E-002,-3.08230876179062E-003,-2.14401521888751E-003,-7.81928078892007E-004
mitchellae_broken-head_c.114513_21,-1.04347381274811E-001,8.05759900233505E-003,8.75471646842952E-003,1.26586721940674E-002,7.51210861139343E-004,1.64429074176694E-003,1.22827780672975E-003,-9.82585200614904E-003,-1.09706350625064E-002,-2.25818246103874E-003
mitchellae_broken-head_c.114513_22,-2.65532879678733E-002,6.47258817065944E-003,-1.96757195916072E-002,-2.60438431352962E-002,-8.98848964052182E-003,-1.45703693028807E-002,-9.44181333385707E-003,5.75457507679688E-003,1.33343624686871E-003,1.00794253901443E-002
mitchellae_broken-head_c.114513_23,-4.81810211566081E-002,-9.75729910135464E-003,-1.18921308050498E-002,-8.59901316371138E-003,-7.30062326243762E-003,-1.03604525286545E-002,-1.32053294974142E-002,2.85210251148478E-003,1.40370110295861E-003,2.67533509228646E-003
mitchellae_broken-head_c.114513_24,-1.28879764145843E-001,1.00172596954250E-002,1.31817318211669E-003,-1.49181982389904E-002,-2.08554869127069E-003,-3.71696718882070E-003,2.34509059687730E-003,6.27737846734051E-004,-1.30697678908957E-002,1.01203486463725E-002
mitchellae_broken-head_c.114513_25,-6.56421996654308E-002,-1.74431007648032E-003,-8.40193575446071E-005,-1.22866564021632E-002,4.43236116458456E-003,-3.05720538033616E-003,-3.13635531031515E-003,-6.88686571321132E-003,-1.08826545256111E-003,4.86555084223971E-003
mitchellae_broken-head_c.114513_26,-6.89673026566665E-002,-1.62719581199434E-002,4.41506102778634E-003,-1.27705634568758E-002,1.43122984937310E-002,-5.42625351385693E-003,-2.73332953803297E-003,-5.83573749309833E-003,7.44948295225312E-003,2.73725129638504E-003
mitchellae_broken-head_c.114513_27,-9.63024923648536E-002,6.85025064180398E-003,8.56695395436371E-003,-6.38679003238396E-003,-1.17224336930935E-002,-7.68027511544519E-003,-1.18322381652296E-002,-1.11706172273876E-002,-7.88602115125993E-003,-3.02437338044623E-003
mitchellae_broken-head_c.114513_28,-1.42179074022838E-001,4.06562676231727E-002,-3.23141413067086E-002,-5.05428531534954E-004,-1.84671681637490E-002,-1.77466532480418E-003,-5.47282298322512E-004,-3.66411909893517E-004,4.43234914885019E-003,1.39717398025224E-003
mitchellae_broken-head_c.114513_29,-7.27818260476966E-002,6.56520177103051E-005,-1.18380793885822E-002,-2.68096031669638E-002,-7.47495145496546E-003,-4.25956043547124E-003,-7.88331436841946E-003,-1.24503350926527E-002,-9.98613264700365E-003,-6.32827121209513E-005
mitchellae_broken-head_c.114513_30,-2.67391507893637E-002,-3.52015455555442E-004,5.84629150859924E-003,-6.09827488530217E-003,9.88020094702339E-004,-2.69384952752833E-003,7.03903999515998E-003,2.50853566851251E-003,-7.61014830197830E-003,-2.75102302524694E-004
mitchellae_broken-head_c.114513_31,-1.17250273658278E-001,4.67467165279672E-002,-1.37879704833578E-002,-1.86019205971581E-003,-3.11554328272568E-002,-1.09371359033306E-002,-3.00843735812343E-003,-4.43017991205846E-003,-7.81202715443051E-003,4.50207937074880E-003
mitchellae_broken-head_c.114513_32,-2.50418019530012E-002,3.13125854572739E-003,-1.67558640787712E-002,3.85210152857721E-003,-5.86409168858905E-003,4.50334419542338E-003,-1.38767319191643E-002,5.29559785243392E-003,6.87851125334733E-003,-1.81927021198532E-003
mitchellae_broken-head_c.114513_33,-6.10132312622031E-002,-3.89410672918698E-003,2.56491005103727E-002,-1.96268378680186E-002,1.32080142512660E-002,6.27537429269897E-003,1.35122401620570E-003,-5.69587062151579E-003,1.78488936405300E-003,-1.68226633210571E-003
mitchellae_broken-head_c.114513_34,-6.38624679683151E-002,-1.79739599018740E-002,1.96728383723465E-002,4.51375552478853E-003,9.41160199262269E-003,-1.03849871448842E-002,-1.09091947840416E-002,-3.81123373852431E-003,5.31754068994418E-003,4.71610772877950E-003
mitchellae_broken-head_c.114513_35,-6.65460589942007E-002,4.05583599547848E-003,-4.03891566390566E-003,3.75207132008781E-004,2.26612516938393E-002,-1.70901775307484E-003,-4.78123144601495E-003,-8.89186141578430E-003,4.85735571384136E-003,7.81681927524442E-004
mitchellae_broken-head_c.114513_36,-1.53163978584740E-002,-4.95690001511608E-002,2.50366651724845E-002,-2.08706380355897E-002,2.08853090418778E-002,6.60478422530783E-003,2.88848977460438E-003,3.86393382847860E-003,3.51186514199082E-003,-3.28962683657416E-003
mitchellae_broken-head_c.114513_37,-7.23625244816957E-002,1.93374842964542E-002,1.25364968803952E-003,-1.08374784893778E-002,-2.19901016897148E-002,-2.34392082618447E-002,-4.52259775168482E-003,-1.77044848694705E-003,-2.53750702318449E-003,2.67747946721765E-003
mitchellae_broken-head_c.114513_38,-9.54220064217832E-002,1.65114219283546E-002,2.38748465269419E-002,1.32083881764789E-002,7.78360558418367E-003,2.75929168775502E-003,-2.11794540109016E-002,-3.47282552231381E-003,-3.18787818755656E-003,-2.52471063991900E-003
mitchellae_broken-head_c.114513_39,-3.25755071894146E-002,-1.59546254813303E-002,-8.44492464710812E-003,-1.11715164680841E-002,8.09976514692838E-003,-8.94653454274042E-003,6.00348040940567E-004,-2.30928973066509E-003,-1.05143252230905E-002,-5.05980018900774E-004
mitchellae_broken-head_c.114513_40,-6.46423430314976E-002,1.14673001063796E-002,1.04455995983729E-002,-1.45991613396397E-002,1.83863642566172E-002,-9.03800123316829E-003,1.03220999089136E-002,-2.19780249355897E-003,-1.11500282349158E-002,-5.19598267614987E-004
mitchellae_broken-head_c.114513_41,-1.60402236683082E-002,-5.21993911595632E-003,5.42269238286177E-003,7.69637801538975E-003,1.30769411699612E-002,2.48292810116537E-002,8.37540036409019E-003,-3.95821751472648E-003,-4.48168874553643E-003,2.29866938697229E-003
mitchellae_broken-head_c.114513_42,-3.89322236691000E-002,-1.74957085706773E-002,8.48688225137268E-003,6.51828307648191E-003,-8.49698572407231E-003,-2.52174168453779E-003,-4.87574451718810E-003,4.44727934767332E-003,1.19965187762056E-003,-1.99875150056278E-003
mitchellae_broken-head_c.114513_43,-3.59046215637955E-002,-1.10670625911569E-002,8.66625945650468E-003,1.98971019285128E-003,2.18200613574310E-002,-9.30045726129818E-003,1.21569998043789E-002,-7.71816470316542E-004,-8.96788305068562E-005,-4.95501136643280E-003
mitchellae_broken-head_c.114513_44,-1.14622508571511E-001,-7.86631656131692E-003,1.58870403032135E-002,-9.33881753707850E-003,-2.53025574100288E-002,-2.51248117420641E-002,-1.63867383501490E-004,-6.08098283829460E-003,-2.89866073360106E-003,3.12755161401639E-003
mitchellae_broken-head_c.114513_45,-1.62854683854440E-002,-3.56873767167027E-002,4.59298259290425E-002,-1.31778909891239E-002,2.03578944747020E-002,4.70151671016098E-003,2.06729216348646E-003,1.76560316865700E-002,2.45651267244385E-003,2.74861127975429E-003
mitchellae_byron-bay_c.112236_01,-8.85116017326734E-002,-4.30210276143360E-002,-1.37448655696930E-002,-3.66472406085808E-002,-7.20249746975977E-003,-2.30436814123975E-002,1.32008678284245E-003,9.89140522970073E-003,-6.60292575865214E-003,4.48925423975821E-003
mitchellae_byron-bay_c.112236_02,-1.31100442973768E-001,-7.93231096845052E-003,4.24960174189286E-002,-7.46143467095770E-005,1.15545336271507E-002,4.12583879539298E-003,-1.83200202805432E-003,-8.67218470032109E-004,1.84465262404872E-003,2.60989939990770E-003
mitchellae_byron-bay_c.112237_01,-1.92438111178612E-002,-4.22784171289148E-004,1.11169863007365E-003,-3.17732800104968E-003,3.32167141606967E-002,2.76515384555290E-003,-1.74451928122850E-002,-6.21775268529517E-004,-3.60445856013160E-003,6.87730432338799E-003
mitchellae_byron-bay_c.112238_01,-1.19517043267121E-001,2.10432194913237E-003,-5.11785690834566E-003,-1.13030025139843E-003,-1.92486231035305E-002,-2.57504424177923E-002,-1.01214958759910E-002,3.30055583036198E-003,1.48656674150861E-003,1.92397092171494E-003
mitchellae_byron-bay_c.112238_02,-1.63271596354386E-002,-3.20424777824588E-002,1.47418249094258E-002,-2.29840860265239E-002,1.56516165090815E-002,-3.25537796928657E-003,8.03533185588181E-003,-1.20254891732913E-002,3.14287561362435E-003,-3.43153364065738E-003
mitchellae_byron-bay_c.112238_03,-6.65270665010608E-002,-1.58123869834676E-002,-7.03964110788233E-003,-7.04091271693854E-003,2.02489442886896E-002,7.18750415224947E-003,-8.13860771988847E-004,-7.83068238584849E-003,-2.81638356298245E-003,-5.40133672783071E-003
mitchellae_byron-bay_c.112238_04,-5.93399283307964E-002,1.63321566968708E-002,-2.42792594985066E-003,-7.32580114021564E-003,-8.38955277321537E-003,-8.10854509770497E-003,-7.86690533331500E-003,-8.72501559937482E-003,8.26588634176983E-003,8.91040568857440E-004
mitchellae_byron-bay_c.112238_05,-7.90348014301971E-002,-2.87779165364144E-002,1.11959255549502E-002,-2.78070414882897E-002,-1.04066048914903E-002,-9.34116911614932E-003,-8.91028315684499E-004,5.42577767394897E-003,-3.94304553608218E-004,1.31216079648996E-003
mitchellae_byron-bay_c.112238_06,-1.13195741386616E-001,5.37347909281182E-003,6.34075245425187E-002,3.45087291748271E-002,1.75802559714203E-002,-1.09834031201472E-002,-9.50342603094599E-003,2.45610452167350E-003,9.72697688790791E-003,-2.47483342024874E-003
mitchellae_byron-bay_c.112238_07,-1.09313950312139E-001,7.24882654956385E-003,9.11588242427445E-003,-6.73346482153969E-003,-8.02543252964695E-003,6.77125173212640E-003,6.68113529550502E-003,-6.37931009824367E-003,-1.81937521150371E-003,-5.15135825068570E-003
mitchellae_byron-bay_c.112238_08,-7.42643487105136E-002,-8.28025224017813E-003,1.57734326661209E-002,-1.83084782899408E-002,-4.98484671572259E-003,-1.86189935210628E-002,1.84575990813039E-003,7.95014860599290E-005,-7.43985390426284E-003,-1.45885774605138E-003
mitchellae_byron-bay_c.112238_09,-1.02304758694395E-001,-6.61603013493891E-004,3.20660863676639E-002,-1.64700585588437E-002,-6.08184670808632E-003,1.87668190782864E-002,3.92324416672883E-003,3.96302158298011E-004,1.01968282355901E-002,2.47481300220107E-003
mitchellae_byron-bay_c.112238_10,-9.92750945215556E-002,-2.69570087108936E-002,1.52188754066640E-002,-5.95479097381251E-003,8.74700819330735E-003,1.68887422699311E-002,-1.14207812890372E-002,-7.29186306804894E-003,-2.71907818767377E-003,-1.57471887660658E-003
mitchellae_byron-bay_c.112238_11,-1.64376571917732E-001,5.47571743132479E-002,-3.81017156011749E-003,2.58674916294316E-002,5.61713431249176E-003,1.37528384594128E-002,6.21065102177270E-003,-4.16291085575508E-003,-4.46337807472741E-003,-9.27816769548881E-003
mitchellae_byron-bay_c.112238_12,-3.64121912153996E-002,-1.12159504578528E-002,2.37467554720557E-002,-5.87344656102168E-003,5.23812818552295E-003,1.63035456193696E-003,-6.01546878031831E-003,1.00034460963635E-002,2.53706696087148E-003,-1.00043295570678E-002
mitchellae_byron-bay_c.112238_13,-6.91395492078298E-002,-1.42125568072022E-002,1.38635695673957E-002,-1.44745579344804E-002,1.42103791158692E-002,8.75609273475509E-003,-2.77742436355375E-003,1.25999856100499E-003,-7.93853837634749E-003,4.98701570498670E-003
mitchellae_byron-bay_c.112238_14,1.75101711353997E-002,-2.01107970877337E-002,4.06954954581640E-002,-1.89511402147798E-002,1.06036557069643E-002,1.91969073459124E-003,-9.38297956308663E-003,5.57054881442718E-003,6.20256858009978E-003,1.07593420656059E-003
mitchellae_byron-bay_c.112239_01,-6.43940696044950E-002,-3.72433111686336E-002,-1.77112604195677E-002,-1.62506142758084E-002,4.17769015928015E-003,-4.21346559770931E-003,1.25393556030173E-002,-9.28726235776906E-003,3.58149828074605E-003,-9.80182024742386E-003
mitchellae_byron-bay_c.112240_01,-6.10935947941783E-002,-4.32303690082638E-002,-7.76476320288620E-004,-3.97138665122683E-002,2.78922739472988E-003,-8.54379737115428E-003,7.01027948680479E-003,-1.34081888586994E-003,2.59483486239365E-003,1.22207307119172E-003
mitchellae_byron-bay_c.112241_01,-1.47463123588766E-002,-2.65170562604533E-002,1.38757578889647E-002,-1.21421606725813E-002,1.10081292999949E-002,-8.00215514441509E-004,9.79353051336963E-004,-4.52956847862617E-003,6.66179845113579E-003,8.13173703934721E-004
mitchellae_byron-bay_c.112242_01,-6.15373017132953E-002,-4.08347200217710E-002,2.23693237290738E-002,-1.92049001604461E-003,8.77502762181158E-003,-1.46935317340648E-002,9.37651269421085E-003,4.32970438369585E-005,-7.51310175367474E-003,-2.30208697209973E-003
mitchellae_byron-bay_c.112243_01,-6.09228171873889E-002,-3.72251149371815E-002,3.63016958671285E-002,-1.44558273954283E-002,-4.61490802962631E-004,-1.39266571396556E-004,-4.45150176871695E-003,-7.15636287210575E-004,-3.87028483618829E-003,-1.20250513715580E-003
mitchellae_byron-bay_c.112243_02,-5.72041077157592E-002,-5.32266204688376E-003,2.83514486013965E-002,2.97389514005256E-003,-3.85164173093000E-003,8.74904272944540E-003,-3.70319675310099E-003,4.50954569957653E-003,9.07545534951180E-004,-2.12342614966031E-003
mitchellae_byron-bay_c.112243_03,-3.13454275496926E-002,-1.22529360040817E-002,1.80981815632391E-002,-1.70164959132417E-002,-8.65349050341653E-003,1.66814572359592E-002,-1.49199673096236E-002,-2.68023424951410E-003,1.01746285125968E-002,-6.88530627460717E-003
mitchellae_byron-bay_c.112250_01,-6.47291619079017E-002,-1.04063144600210E-002,4.27537964308039E-002,-1.15302394040636E-002,1.36358971195031E-002,3.08637705502870E-003,1.73617594129521E-002,5.07350618306157E-003,-6.02468244071979E-004,3.10228487723921E-003
mitchellae_byron-bay_c.441635_01,-1.78062826093243E-002,4.25396338673611E-004,1.85427701858645E-002,-5.48206349405728E-003,6.58060322386274E-003,1.40360222887519E-002,1.23121505677237E-002,-2.72086968324787E-003,6.20190800855390E-003,4.93143502785159E-003
mitchellae_byron-bay_c.441635_02,-2.20441518979826E-002,-3.78578581744025E-002,3.23232273034998E-002,-3.54344020724643E-002,2.86467175942352E-003,1.42869693267729E-002,-3.05870132938152E-003,-1.48609068837225E-002,6.80228098825731E-003,-3.04821813413434E-003
mitchellae_byron-bay_c.441635_03,-5.42685185679489E-002,9.70821586243295E-003,3.45152511018641E-003,-3.43257877888511E-003,-4.07041833553338E-003,3.81967266375759E-003,8.56358531435226E-003,7.36188394838909E-003,-4.90782100516688E-003,7.58954741594706E-003
mitchellae_byron-bay_c.441635_04,-6.85322950282294E-002,6.58100196223983E-003,2.19724421676852E-002,-5.01185832986318E-003,6.96590708677705E-004,1.57545178157798E-002,1.44257197150241E-002,1.15455349197545E-002,-3.39302952852063E-004,-4.95818296610014E-004
mitchellae_byron-bay_c.441635_05,-6.97798218393472E-002,-1.73248734884895E-002,3.36420436886636E-002,-8.02869474581028E-003,1.25143924737210E-002,-8.25869488022482E-004,1.40631716300505E-003,6.36519645617656E-003,-9.46757044123232E-003,-2.69862313588829E-003
mitchellae_byron-bay_c.441635_06,-3.15746738667693E-002,-3.23783308585513E-002,1.60294974177437E-002,-3.16695512475168E-002,-2.34536064163006E-004,-9.01616971686791E-003,1.18008200285063E-003,-2.49359025205338E-003,4.45147634112432E-003,-8.55514546364895E-003
mitchellae_byron-bay_c.441635_07,-5.95260869822370E-002,-1.85766659693417E-002,1.80871342465026E-002,-5.77981253378912E-003,7.76244081743144E-003,-1.82550090347988E-003,1.73366068721514E-004,5.94342999883344E-003,3.65515495288638E-003,3.14389117070295E-003
mitchellae_byron-bay_c.441635_08,-4.50664463840049E-002,-3.90150996102759E-002,2.66622818319447E-002,-1.08532810313944E-002,-1.96246642316625E-002,-2.12498714405497E-003,8.33525148085114E-004,2.81985973644782E-003,8.96421717082381E-003,1.73116994154911E-005
mitchellae_byron-bay_c.441635_09,1.06750187077628E-002,-1.43602929269670E-003,1.94940016053806E-002,-2.73572884772305E-002,-6.33382033756546E-003,2.06798755926387E-003,1.67295548985492E-002,3.18635589135746E-003,-6.16066683292936E-003,-5.36232078589132E-003
mitchellae_byron-bay_c.441635_10,-5.26646795642856E-002,-4.14065106793528E-002,3.29631046448054E-002,-2.45830753236828E-004,9.14267778713563E-003,-8.07266412500923E-003,-7.55130671793818E-003,1.97991936582287E-003,7.49190026549441E-003,-4.73829468098698E-004
mitchellae_byron-bay_c.441635_11,-1.76626235074430E-002,-8.24202124174639E-003,3.60858028955460E-002,-4.52243261241515E-002,4.99682351337555E-003,2.21996612395231E-002,4.24086004097799E-004,-3.39885678637326E-004,7.55388245651523E-003,9.81680436784566E-005
mitchellae_byron-bay_c.441635_12,-9.44249891795830E-002,4.22880447026021E-002,5.74111011993386E-002,7.68509167786920E-004,-3.29699545225720E-003,7.04126791716301E-003,1.58905138613492E-002,1.39287652253870E-002,1.14057819969515E-002,-8.11333797904000E-003
mitchellae_byron-bay_c.584214_01,-6.91970804900512E-002,1.06743493480221E-002,4.12072573963069E-002,3.55297218013402E-004,3.78462114695180E-002,1.44651436416467E-002,5.90219285914191E-003,-1.12139833585853E-002,4.67469999686743E-003,-5.65302922789789E-003
mitchellae_byron-bay_c.584218.001_01,-9.00570282415634E-002,-1.95364394396423E-002,3.21892855070358E-002,-6.44065281383276E-003,9.88381901743127E-003,1.09849422023695E-002,1.76800180379214E-002,-7.47529744276833E-003,-1.89703270247984E-003,2.23886857017518E-003
mitchellae_byron-bay_c.584219.001_01,-4.89799667441458E-002,-6.04151912593799E-002,1.06004660610531E-002,-3.76638300433805E-002,-2.13867702868365E-003,-7.83059008860605E-003,2.00586930164642E-002,-2.85238724725557E-003,-5.99121037890518E-003,-4.07911823946429E-003
mitchellae_cumbebin-swamp_c.320055_01,-3.15601437884333E-002,-1.60348992099151E-002,-1.46189135459171E-002,-1.98863463130066E-002,-1.09029836363072E-002,2.31726936896049E-002,-8.13736934408384E-003,-3.57884274928276E-003,5.27045361550401E-003,-2.43465250194209E-003
mitchellae_cumbebin-swamp_c.584217_01,-1.30338984690002E-003,7.25681970872878E-003,1.35185961426801E-003,-1.79386522238354E-002,4.75387722841075E-003,2.75137231772971E-004,1.36924058086330E-002,6.16954231251461E-003,-2.60405751026428E-003,4.13901279671737E-003
mitchellae_kingscliff_c.584239.001_01,4.77039025570099E-002,-4.68671497967247E-002,3.13144908663539E-002,-3.65294631133491E-002,1.67652471994830E-002,8.94480659954777E-003,-1.39399816123901E-002,-5.14132246424415E-003,9.94270694131513E-004,5.19613463380597E-003
mitchellae_mullumbimby_c.272200_01,-7.68580468213388E-002,1.94895162782127E-002,1.41087711784692E-002,-1.57434244364852E-002,2.85889207273153E-003,5.19269411777002E-003,1.92782664851179E-003,-2.56869941663348E-003,-4.76539851324558E-003,1.43783098685385E-003
mitchellae_mullumbimby_c.348956_01,-1.24291613837619E-001,-9.73862597734548E-003,2.01344725911072E-002,-1.82701857698787E-002,-2.74246373127141E-002,-1.78152627285343E-002,-3.33187756384050E-003,1.79452798469190E-003,-2.03329993634238E-002,4.87429874021200E-003
mitchellae_richmond-lower_c.003392_01,-7.64141054784606E-002,-3.90970971086617E-002,2.28399224144543E-002,-2.55107422222612E-002,5.46747829076749E-003,-3.57339670014024E-003,-6.73355425965757E-003,4.01881534439661E-003,8.15396657458618E-004,-1.24814845986388E-003
mitchellae_richmond-lower_c.003392_02,-4.89518705369746E-002,-6.62713830561353E-002,2.32786475265893E-002,-3.96391011044496E-002,-7.49325832316960E-004,1.63571802949337E-002,3.87922354330843E-003,-1.24484444813492E-002,1.35159929150807E-003,6.58163265272659E-003
mitchellae_richmond-river_c.112232_01,1.05920079675498E-002,1.10881878331571E-003,2.80139711037039E-002,-1.10534556050522E-002,4.23173063198594E-004,7.40544880919006E-003,6.89029800924591E-004,7.78848683386961E-003,-2.85432637069749E-003,5.83132460647155E-004
mitchellae_richmond-river_c.112232_02,-3.72021321574304E-002,-1.66542409663176E-002,-3.08226668772432E-003,-1.84085603202201E-002,4.83528685409995E-004,5.05550656196841E-003,-9.26124234805786E-003,-2.24695500890075E-003,3.76138222886835E-004,1.97253317837810E-003
mitchellae_richmond-river_c.112233_01,-9.51297270974013E-002,-1.30022778163000E-002,2.50656568736738E-003,-1.56383594238301E-002,3.09310891263055E-003,-1.59051942125688E-002,-1.26321369612918E-002,9.58922893229316E-005,-1.97422426237651E-002,-1.75475404282822E-003
mitchellae_richmond-river_c.112234_01,-6.60792829157615E-002,-1.88746081376904E-002,3.02950067062720E-002,-1.38296741545024E-002,7.53796038573768E-003,4.61886135391329E-003,-1.40082129384285E-003,-9.82711011873299E-003,-6.91326069939909E-003,3.25507856651350E-003
mitchellae_richmond-river_c.112234_02,-2.80658786987179E-003,-5.08162496909343E-002,-4.56115132003160E-003,-2.93379515838928E-002,2.86938223074949E-004,-8.17800178167608E-003,3.48999895295982E-003,-2.56922275229204E-003,-1.25633645275424E-003,4.56761520828730E-003
mitchellae_suffolk-park_c.371958_01,-9.83216062620879E-002,-5.45957142764991E-002,2.83195269063619E-002,-3.79743938529729E-002,-2.08251690680537E-002,-9.55951025082272E-003,3.56146612330003E-003,-2.61484398478251E-003,-6.72069656751903E-003,-2.65614539261368E-003
mitchellae_tweed_c.117022_01,-1.15495251863549E-001,2.08489133574257E-002,2.80345705107157E-002,-5.92275440554832E-003,-1.05868765634656E-002,6.98088970128089E-003,-3.59042515118590E-003,-3.93835622301224E-004,1.15765456763505E-002,2.43950847464793E-003
mitchellae_tweed_c.117022_02,-5.83444854533967E-002,8.48306545276560E-003,3.59558685293224E-002,-1.41405714929429E-002,4.02582712683814E-003,1.41433714163384E-002,-7.58149878146365E-005,-1.00389295393290E-003,6.93662074828894E-003,3.28250080207312E-003
mitchellae_tweed_c.129335_01,-9.40213276133476E-003,-1.44230165737985E-002,5.05746671262833E-002,-2.28761274698619E-002,3.80967512661524E-002,6.30660297937337E-003,-3.22041746700697E-003,-2.05981450036862E-003,7.15368128521854E-003,-6.97646824012643E-004
mitchellae_tweed_c.158030_01,-6.91730658183748E-002,-2.61078135963861E-003,4.78058519692057E-002,-2.41055943260134E-002,4.94226965948917E-003,1.30514557526381E-002,-7.18774580260826E-003,-4.34032927765924E-003,1.42881351370231E-002,4.57042315411462E-003
mitchellae_tweed_c.158030_02,-7.60213660921881E-002,-1.42136341034252E-002,2.07250685147042E-002,-1.71255725218202E-002,-1.94397792121140E-002,1.14995596240100E-002,4.24478389278409E-003,3.74478204809960E-003,-4.67831804801261E-003,3.60808457543393E-003
mitchellae_tweed_c.158030_03,-6.62573621007927E-002,-1.20268781787396E-002,2.51585745785344E-002,-2.45314280853458E-002,1.64990231148084E-002,4.54310144090409E-003,-1.68278033365301E-003,-3.72612035758777E-004,2.67523846422708E-003,8.73022057090441E-003
mitchellae_tweed_c.163390_01,-9.60877514268642E-002,1.52730627952360E-003,2.63700751752525E-002,-6.65728900979821E-003,2.00317438770297E-002,1.76763401738826E-002,1.97719585876171E-003,-5.08663933580572E-003,-1.22151466449049E-003,-2.77528932917567E-004
mitchellae_wilsons-river_c.121725_01,-7.43858313982082E-002,-1.82007705130433E-002,3.62588261514536E-002,-1.58551660985847E-002,-2.06927366917734E-003,-1.53471660517277E-002,-2.18665873547355E-002,-6.08452809095615E-003,7.36549124587706E-003,3.69228764555880E-003
novaehollandiae_armidale_c.105155_01,1.27581675087854E-001,1.42184145236087E-002,2.46721597467388E-002,1.32044446920001E-002,-3.97275952905105E-002,7.60831694835777E-003,-1.47857844596381E-002,-1.99319806661653E-003,-7.16822415125325E-003,-2.05436924349717E-003
novaehollandiae_armidale_c.105160_01,9.63852491276586E-002,2.27532702247480E-002,5.52398398048445E-002,2.25005513001812E-002,7.67085133739561E-003,1.52389275114892E-002,-1.78421319272371E-002,6.24237082449891E-003,-1.30458171174863E-002,6.20775325862326E-003
novaehollandiae_armidale_c.105165_01,1.19509619249736E-001,2.97822433784973E-002,-8.15263012029282E-003,-6.20279399108553E-003,7.77686840657214E-003,-1.46566822169813E-004,-2.70370278087542E-002,-2.33168235613158E-003,-1.03979129762476E-003,-7.20780321317927E-003
novaehollandiae_armidale_c.112196_01,1.32647895879422E-001,2.14059235950720E-002,2.56518969116694E-002,-8.14172621195256E-004,-1.38498485320974E-002,1.54088968802475E-002,-6.27236251057090E-003,-1.54345158789496E-002,-3.55604099246854E-003,1.16752207672475E-002
novaehollandiae_armidale_c.112197_01,2.19739254944917E-002,2.92721332894256E-002,-1.43150225178361E-002,-1.32083009291578E-002,-9.54030664148461E-003,1.81108374881160E-002,-3.17972927156502E-003,3.49405470251224E-003,-1.07076243984370E-002,-5.45164859058414E-003
novaehollandiae_armidale_c.112197_02,5.74460690830772E-002,-2.93013090213164E-003,-3.74184457542551E-003,-1.28800054978939E-002,2.18568009634942E-003,2.88588938213607E-002,-4.14846640159994E-003,1.76056527505307E-003,-1.72438516374554E-002,-8.84904870283035E-003
novaehollandiae_armidale_c.348948_01,9.73782520537840E-002,-5.90894561469821E-003,-6.35760891929280E-003,-4.08325412717907E-003,1.84826436668520E-002,3.83466180064446E-003,-9.76341159428431E-003,-8.68588786266458E-003,2.61348652689466E-003,3.74934641888125E-003
novaehollandiae_brooklana_c.042050_01,-1.12536968323858E-001,9.81014246478444E-002,-1.87181986648504E-002,4.07876553546282E-002,-1.92390567892283E-002,3.24246993709197E-002,-7.34447701031777E-003,1.37701918137856E-002,-1.13250070538815E-002,3.32497699221142E-003
novaehollandiae_bugan_c.460243_01,1.39786682870438E-001,1.71179479233145E-002,1.42207689622660E-002,1.17838207384733E-003,-5.25397900648054E-004,-1.59873260264795E-002,2.86944388685417E-003,-8.38861477204167E-004,-2.05045447281719E-003,-5.58578349933853E-004
novaehollandiae_buladelah_c.048983_01,5.69847548214432E-002,2.43809876580059E-003,1.23113070857844E-002,-3.29816334888003E-003,7.15756821600516E-003,-6.05564507170564E-003,4.01629939321238E-003,-8.11539125665897E-003,-1.63136454914905E-003,4.06113810354913E-003
novaehollandiae_buladelah_c.048983_02,4.36647917058672E-002,1.51386797654174E-003,2.46431445090050E-002,2.99346165906387E-002,2.82313704940715E-002,8.75932560840652E-003,3.47737307344770E-003,-6.51423799334912E-003,2.67912269385439E-003,1.19593140341864E-003
novaehollandiae_bulahdelah_c.158013_01,4.89593977101754E-002,-1.12563825904860E-003,3.17621979038779E-002,-3.14495970217486E-003,5.50866920709220E-003,5.47376057840029E-003,1.56200504473502E-003,-1.43980666002117E-003,-3.00296405179539E-003,3.57001927546689E-004
novaehollandiae_chichester_c.165925_01,1.00177955348561E-001,4.90909532105479E-003,-7.91252288019945E-003,1.59977519566592E-003,-2.81403551100825E-004,-5.09632810630974E-003,-6.46461824551946E-003,3.90603821528520E-003,-1.19819453260656E-002,-9.31195765647009E-003
novaehollandiae_coolongolook_c.112174_01,2.77688640461658E-002,-3.56736425618715E-003,-1.69181665171848E-002,1.02219897286883E-002,1.64433721072644E-002,-1.82541333343065E-002,-4.31718985173406E-003,7.50934372291843E-004,-1.27332488620370E-003,-1.22176508556551E-003
novaehollandiae_coolongolook_c.272205_01,7.63126128300170E-002,1.88230099242002E-002,-6.83648734036761E-003,1.62710955621008E-003,5.87553690915415E-003,-9.38946507145984E-003,5.25024082646859E-003,-2.11362550808711E-003,-2.95662263684220E-003,2.87902751373879E-003
novaehollandiae_cottan-bimbang_c.575477_01,1.43551342802500E-001,9.51143167926179E-003,-4.97430397240307E-003,-3.73415480721649E-002,1.98321789756265E-002,2.35546449667588E-002,7.71112826852746E-003,3.13437362246954E-003,1.03452988962496E-003,4.00443204167329E-003
novaehollandiae_darrington_c.75153_01,8.90089371830197E-002,-2.57908802926089E-003,4.11232509981475E-002,1.67790970539986E-002,-2.38328296004959E-002,-8.70867566086564E-003,1.23298127756800E-002,-3.54237405553970E-003,-4.56699411683630E-003,9.39510700713353E-004
novaehollandiae_dorrigo_c.024546_01,1.14334301441950E-001,3.56031125463266E-002,4.63957082207269E-003,-2.96769296104970E-003,5.48892248299928E-003,-1.21517492159029E-002,1.13531821989219E-002,2.33597502163068E-003,-2.53482939919006E-003,2.99177262810440E-003
novaehollandiae_dorrigo_c.028508_01,-1.72879593737543E-003,6.08534843834970E-002,-4.10208310033921E-002,-2.38319985945036E-002,-9.53442574206700E-003,-9.02318142795522E-003,5.54962113479201E-003,1.49198430969765E-002,6.04413357862881E-003,-1.46326267744314E-003
novaehollandiae_dorrigo_c.031147_01,4.23737150990502E-002,4.86824973597055E-002,3.15821133831896E-002,1.08181395167169E-003,-5.08928717876349E-003,-1.77102393315592E-003,4.72888037387617E-003,1.95153149743916E-003,-1.64761921541593E-003,-3.26795063675715E-003
novaehollandiae_dorrigo_c.043899_01,6.88574640299226E-002,9.57127922703129E-003,-3.24852190428942E-002,-2.52673769517613E-002,-1.05101978239632E-002,-1.68254056291432E-002,1.89317933588571E-003,1.43972327780397E-002,9.70605699385887E-003,-1.85191343290142E-004
novaehollandiae_dorrigo_c.043899_02,-5.32947359505638E-003,4.73687553348928E-002,-3.56664958862969E-003,-2.90911870885436E-003,-2.75701513590219E-002,-2.82245461072754E-003,5.15352943273899E-003,4.98396476492098E-003,-5.17482422764590E-003,-1.68586103297566E-003
novaehollandiae_dorrigo_c.043899_03,-1.41408662745361E-002,1.11199404433340E-001,-1.86768459508234E-002,-3.29984361303273E-002,-1.25194666974174E-003,2.58111639304368E-003,-1.02172049208844E-002,1.51502478526880E-002,-7.61979383956505E-003,-2.84006743889703E-003
novaehollandiae_dorrigo_c.105157_01,3.95893134190268E-002,6.10332210183898E-002,-8.51898658033783E-003,-2.28277698411978E-002,-1.20305005955001E-002,1.19380085072020E-002,8.62624493887270E-004,-3.26846736967060E-003,1.29223409398908E-002,-5.84946121358828E-003
novaehollandiae_dorrigo_c.112183_01,-2.55666730798048E-002,8.71312975177410E-002,3.35082036815573E-004,2.40796820467871E-002,-1.68606676678149E-002,1.35605394284968E-004,-4.49567839992303E-003,-8.30174409687885E-003,1.65650535610633E-003,-2.17637946155024E-003
novaehollandiae_dorrigo_c.112185_01,5.72980592121935E-002,5.64983362579732E-002,2.89568976471344E-002,-1.67054267679691E-002,-1.97718467176131E-002,3.61298953019766E-003,2.82282829178648E-003,-6.27262673194784E-003,1.28536140292656E-003,-5.00953684586738E-003
novaehollandiae_dorrigo_c.112195_01,6.40497956056486E-002,6.67007509017373E-002,-4.88422335975699E-002,-3.26717833586920E-002,-1.47182195915377E-002,-1.02999967786294E-002,-4.39650428117641E-003,1.01834621495053E-002,9.02283322846575E-004,-1.77036623804303E-003
novaehollandiae_dorrigo_c.117955_01,-7.24404776606251E-003,2.37812080965525E-002,-2.92641514048409E-002,-2.57999086337272E-003,1.88223604883927E-002,-8.22731964970018E-003,5.21778211533643E-003,-3.29824162319170E-003,4.12407119944738E-003,7.72783886244697E-004
novaehollandiae_dorrigo_c.117955_02,-1.53499582030363E-002,6.13928866176679E-002,3.17659340657927E-002,3.10881462698047E-002,-9.25911919709931E-004,-2.86117557219303E-003,8.56709285517283E-003,3.84702479837833E-003,-1.54119711983632E-003,-6.44096028521072E-003
novaehollandiae_dorrigo_c.128360_01,1.69718290303335E-002,3.25664167579668E-002,-1.84481283358435E-002,1.36510922346828E-002,6.92795546409653E-003,-2.76790429463888E-003,4.73067158326616E-003,2.25570705201753E-003,-1.30406144592104E-003,-9.73878920880211E-003
novaehollandiae_dorrigo_c.158011_01,-4.15415272352890E-002,6.25132184079337E-002,-8.11723140976040E-003,1.81192930200085E-002,2.73045355520850E-003,1.04648189190787E-004,4.22896902187997E-003,1.91586165207142E-002,3.75482622084180E-003,9.35245358041908E-004
novaehollandiae_dorrigo_c.158020_01,1.01721733518659E-002,3.54776077716754E-002,-9.10208359017180E-003,-3.75207876125567E-003,-4.86325020428652E-003,7.39135970707255E-003,1.27589435033315E-002,-5.93904858514429E-003,6.12426914432463E-005,4.67235043088788E-003
novaehollandiae_dorrigo_c.158022_01,-4.58162307402722E-002,1.22332216800465E-001,-7.90264794298617E-002,-2.70378797727876E-002,-2.11699642336865E-002,-7.52934055794657E-003,1.11038738014244E-002,-1.01528333284412E-002,-1.69007385477498E-003,6.96667295966601E-004
novaehollandiae_dorrigo_c.172710_01,-1.58600648725245E-003,1.38532033702206E-001,-3.77397424981964E-002,1.00777546980525E-002,-3.54915559011722E-002,3.09477871901952E-002,1.26407756970154E-003,-2.70896035770862E-002,7.01091507857301E-003,1.32091037391654E-002
novaehollandiae_dorrigo_c.172710_02,-1.35596866769984E-002,6.64070224920546E-002,7.56427312320105E-003,1.79751272689700E-002,-2.00657220487330E-002,5.08527519700346E-003,1.98071548396598E-002,-2.84771745071016E-004,-5.04416799420160E-003,-3.27655272808409E-003
novaehollandiae_dorrigo_c.172710_03,-1.23550062350607E-002,9.35130886086720E-002,-3.47824555011660E-002,-1.11892147743584E-002,-3.63486466920039E-004,2.17865178457225E-003,3.07058348779045E-003,1.18499231161502E-002,2.15591991374556E-003,4.83947502794432E-003
novaehollandiae_dorrigo_c.320785_01,9.17752660977501E-002,2.94470249694602E-002,-6.06238086758221E-002,-3.89287729494174E-002,5.57624257029452E-003,6.39128495536832E-003,-1.08996248564733E-002,1.00465340794888E-002,-1.22639982071994E-002,-2.35584714829464E-003
novaehollandiae_dorrigo_c.347159_01,-2.60133365265777E-002,9.99879387205208E-002,-3.66130001858346E-002,-2.62123138186390E-003,2.46084496159129E-003,-2.76315300515422E-003,8.25906187025848E-003,-1.59053912442548E-002,-3.30121261700692E-003,3.45552105625773E-003
novaehollandiae_dorrigo_c.348947_01,6.01621140669008E-002,3.27335424427802E-002,-5.79713365157645E-003,-1.88403288836304E-002,-2.13380690637662E-002,-1.84732294977775E-003,-1.37614769542032E-002,-4.08650523305277E-003,6.31596219692345E-003,-4.21978742352576E-003
novaehollandiae_dungog_c.105162_01,6.35653599497366E-002,5.72828502509492E-003,2.09281669277750E-002,-1.08638014880287E-002,-1.57200205910466E-002,-1.65817726411220E-002,6.97259349320651E-003,3.14285456720113E-003,-2.68385292224905E-003,1.15489121791339E-002
novaehollandiae_dungog_c.112168_01,6.69510992289905E-002,2.59910623643090E-002,-1.57872818457073E-002,-1.16404889432305E-002,3.32550544977125E-002,-1.78562944788847E-003,-3.16319361648328E-003,-1.18316639494492E-002,7.88586622007767E-004,-3.82032769563231E-003
novaehollandiae_dungog_c.112172_01,8.31434431316793E-002,5.94170448987505E-002,-2.99825445998120E-002,-1.25353879568760E-002,3.48623616024817E-003,-8.51814827225654E-003,-7.02922580056822E-003,-1.10548639272699E-003,-2.83738527621931E-003,-1.97196100536368E-003
novaehollandiae_dungog_c.112184_01,9.30087024831620E-002,8.68558008954994E-002,-8.91636572058386E-002,-6.77388116906755E-002,2.74222132083774E-002,2.71606671888297E-003,-5.32798485279728E-003,-1.39965985525195E-002,-7.93807505962604E-003,-6.86473978417465E-003
novaehollandiae_dungog_c.158010_01,-2.12239673030679E-002,4.87316517940001E-002,-5.83403275307518E-003,-4.39060314150176E-003,-1.97935725388640E-002,-9.68084954185244E-003,-1.18200619633307E-002,-1.35752738874717E-003,-1.61969132910211E-002,9.12244485286057E-003
novaehollandiae_dungog_c.158014_01,9.63240717069426E-002,-1.98567496529135E-002,1.34828215262291E-002,1.64057427279958E-002,-4.96885115058831E-003,-1.06148720600543E-002,-3.38766519328525E-003,-4.66471569155434E-003,5.45460373968609E-003,-3.51320437376642E-004
novaehollandiae_dungog_c.158015_01,4.80014047346478E-002,5.43768171415268E-003,-2.72999866149611E-002,8.53564542139006E-003,1.80669440016186E-002,-7.46126877252994E-003,4.00815566424716E-005,-6.58241646821991E-003,-6.37094701959712E-003,6.85297993712953E-003
novaehollandiae_dungog_c.348949_01,4.36959719397806E-002,2.42778330238628E-002,2.30749069903800E-002,6.38432201552343E-003,-9.26136792955479E-003,-1.69447429795867E-003,7.61725045703655E-003,1.24111340202225E-002,-1.27978216995659E-003,8.54726232739791E-003
novaehollandiae_forster_c.104898_01,5.55568411639766E-002,-2.08255664913907E-002,3.02096047047978E-002,-2.03240197212519E-002,1.28875110150373E-002,3.65740960813870E-004,-2.44659278594275E-003,2.93532349688506E-003,6.43231272708463E-004,8.61000829888703E-003
novaehollandiae_forster_c.488779_01,5.00315516880448E-002,-1.25418278993934E-002,4.41617315512988E-002,-6.09048681164386E-003,-9.40300604581752E-003,-7.05215122434582E-004,-9.70231552246967E-004,-9.32499609349487E-003,5.57154896320802E-004,-6.47212799714601E-003
novaehollandiae_gibraltar_c.131450_01,-7.28182612810922E-002,7.14840732473429E-002,-5.98449975674957E-002,-3.62675937741786E-002,-2.14076593077646E-002,6.56888555124004E-003,1.28669749626455E-002,1.50145232734045E-002,8.52647819549203E-003,-3.45752232304150E-003
novaehollandiae_gibraltar_c.589238_01,1.30514062697765E-001,2.23181556055650E-002,-8.52961579812221E-003,-2.35042648171708E-002,-5.16190499895926E-003,7.70553043412289E-003,-2.08743122172830E-002,-6.40369196584791E-003,-1.21738186434023E-003,3.43137067899885E-003
novaehollandiae_gloucester_c.112182_01,9.28351227169613E-002,-4.44083337577965E-003,2.20408271440612E-002,-2.70656869714762E-003,-1.42356118970036E-002,-2.21479339669619E-002,1.27431183185244E-002,1.37330521174400E-002,3.99003311185739E-003,1.58229769099639E-003
novaehollandiae_kempsey_c.081396_01,5.36614654034988E-002,4.88680018395023E-002,9.95986804755430E-003,1.59168030895634E-002,5.38919740763640E-002,-6.09420858369937E-003,4.36974000081265E-003,-1.15700591041515E-002,5.88996192725095E-003,-1.46169484619161E-003
novaehollandiae_kempsey_c.102866_01,-4.62135547907046E-002,9.60045457328276E-002,-2.34012888842805E-002,3.41171512148831E-002,1.75075929578349E-003,2.84581769847126E-003,-7.46210988892842E-003,-2.13349930028032E-002,-7.95190873674323E-003,2.25974036930421E-003
novaehollandiae_kempsey_c.102866_02,-6.87812680282514E-002,1.16926377658311E-001,-5.19022862904289E-002,6.29648299488802E-004,5.44322037462031E-003,2.98098243776368E-002,1.84677396329704E-006,4.32688187756995E-003,9.82439336611837E-003,1.57164846882839E-003
novaehollandiae_kempsey_c.121699_01,1.24399758488743E-001,-1.02852719059053E-002,-3.15264324847171E-002,5.96492761296878E-003,1.66558936973049E-002,-2.66460784794512E-003,4.38645111152354E-003,4.80272618934257E-003,-7.54544668159208E-004,1.16012950996472E-003
novaehollandiae_kempsey_c.158006_01,4.35615349602876E-002,1.33065569744043E-002,4.93119952846970E-003,-2.12733446375816E-003,3.63830100535946E-003,-7.87400962334764E-003,1.07083515255269E-002,-1.09772405052288E-002,2.44119762710489E-003,-3.26041176726851E-003
novaehollandiae_kempsey_c.158009_01,-1.21647350182212E-002,1.33419736440565E-002,-1.52293919797393E-002,2.72651954078998E-002,2.22227570876803E-002,-9.00982253503053E-003,-2.54450084483040E-003,-4.47421893440644E-004,7.71221998826842E-004,-3.87404463096212E-003
novaehollandiae_kempsey_c.158023_01,4.29761347677378E-002,7.64168584937331E-003,6.07996582275638E-003,1.56515722160551E-002,1.81056209434006E-002,-2.33762802879464E-002,3.94929165237741E-003,6.90121636618921E-003,-1.72163822097867E-004,-1.48632707418231E-003
novaehollandiae_lower-bellinger_c.033230_01,-5.03759619184229E-002,-3.09872353889231E-002,4.67271808831381E-003,1.24379812287931E-002,1.27765252393772E-002,-2.61994981756112E-002,6.13619854801754E-003,6.61119374381769E-003,-7.04367103794021E-003,-2.54119597939022E-003
novaehollandiae_lower-bellinger_c.033230_02,-6.32153743380875E-003,-1.14006557791900E-002,-1.38956725427751E-003,3.72070701746344E-003,2.96655130620019E-002,-1.55181463394770E-002,9.35062945104238E-005,8.59872961793389E-003,3.59018985287473E-003,-6.54507672976324E-003
novaehollandiae_lower-bellinger_c.320635_01,3.81517482871188E-002,8.87814462873185E-002,-9.26919888611099E-003,3.40685721640133E-002,1.48176734805832E-002,-5.20893535031881E-003,2.32488474939321E-003,1.47274651468407E-003,-3.19751542559967E-003,-6.86634770560003E-004
novaehollandiae_macksville_c.158021_01,6.22930629099802E-002,1.35276595831484E-002,2.94833221199984E-002,-1.99950927012643E-002,-2.44770564221909E-003,-2.33140126322955E-002,3.51826884384162E-003,5.57271475863806E-003,1.63846980160659E-004,-8.89955094820904E-003
novaehollandiae_manning-river_c.112181_01,3.02523830401764E-003,6.81918004135288E-002,-6.16295080716962E-003,2.71410498148310E-002,-8.95028373199827E-003,-1.26544348982730E-002,4.13328000908448E-003,-1.03421934597949E-002,5.84639772748840E-003,1.11812930156742E-002
novaehollandiae_manning-river_c.112181_02,1.94613995474493E-002,4.45990121763434E-002,-2.41315360497958E-002,6.84605099738912E-003,6.96917752011795E-003,-9.17385377488662E-003,6.68686805003939E-003,-3.57944131836709E-003,4.30876935033302E-003,-1.11414266628534E-003
novaehollandiae_morisset_c.108564_01,1.45367165074155E-001,2.57825775061289E-003,1.39693231953056E-002,-1.00246893459747E-002,1.17755538080670E-002,-3.11431681657776E-003,2.67157103685685E-003,-8.59960033282526E-003,-3.53078636272259E-003,4.43652153424565E-004
novaehollandiae_new-england_c.033227_01,1.01831943251561E-002,4.64821406094815E-003,-4.18839882191508E-002,-6.22656061909467E-003,-1.79148305826184E-003,-2.59276253316610E-002,9.75820643917942E-003,-1.76725101932059E-002,2.46279980684798E-003,-5.09185866074918E-003
novaehollandiae_new-england_c.112171_01,5.89703298197899E-003,5.59276076708878E-002,-1.26828097214973E-002,2.17378831546534E-002,3.74724007314830E-003,-1.37365611759450E-003,1.59092918428838E-003,-4.32601463304526E-003,8.57267728189233E-004,-3.42172926383117E-003
novaehollandiae_new-england_c.465639_01,3.92549248986002E-002,1.24093215546969E-002,7.58844567987078E-003,-1.33870351665701E-002,3.42108341096424E-002,1.10921389251030E-002,-1.73554041321531E-004,-2.41675978679516E-003,-7.25026876114902E-003,4.47837340266673E-003
novaehollandiae_newcastle_c.033229_01,2.04292625842420E-002,2.68610638493290E-002,1.43727088719553E-002,-5.60837595050072E-003,1.78281167467825E-002,-1.21606550314720E-002,7.24924281496644E-003,-9.42273274797484E-003,5.44902337873280E-003,-2.48186158270014E-003
novaehollandiae_newcastle_c.033229_02,3.64080967368657E-002,-8.36283071057209E-003,6.98932605308331E-003,-2.19184193208490E-003,1.90811634541480E-002,-1.60218277721520E-002,4.98242207344293E-003,-3.47075167651062E-003,2.02751542833890E-003,1.02929863837966E-003
novaehollandiae_nuglin_c.575474_01,6.44562754730926E-002,1.52720325968382E-003,3.83047172463216E-002,-2.13727067602279E-002,-2.92110710735882E-002,-8.32547423471919E-003,1.26934314410389E-002,-7.40557163020978E-003,1.07816663952334E-002,3.02972854192773E-003
novaehollandiae_port-stephens_c.112175_01,-9.77726414941735E-003,4.40745135806794E-002,-2.47779850167084E-002,2.58852729976741E-003,1.08547211987254E-003,-2.66514137851414E-003,6.15199944587965E-003,-5.90154167145187E-003,7.53921767319453E-003,-7.44321931159915E-003
novaehollandiae_port-stephens_c.112175_02,7.55780897500356E-002,2.93327753747143E-002,6.43494966397604E-003,8.97193821919419E-003,3.72206637662336E-002,5.46532396618351E-004,-5.77175024824085E-003,-3.76316517360635E-004,-4.99245073085004E-003,-2.90911425845925E-003
novaehollandiae_port-stephens_c.112175_03,1.42876712572280E-002,5.93692660023514E-002,3.84046433630310E-003,6.48623960728998E-003,-3.84503086064861E-003,-1.37148797070087E-002,5.20978650364304E-003,8.11200624549680E-003,7.90401284390792E-003,-3.74907350416497E-003
novaehollandiae_taree_c.033226_01,9.71012740687119E-002,4.41426643936504E-002,-2.21343153889027E-002,-1.89127228436319E-003,-1.63060287893234E-002,-2.34089667649794E-002,-2.54926080501541E-003,5.83840389833235E-003,-5.16261174762426E-003,2.89345950830400E-003
novaehollandiae_taree_c.035833_01,3.97509982194112E-002,3.45606416802627E-002,2.08678390452153E-002,3.98887026538124E-002,2.54780707741836E-002,-5.77692241600558E-003,8.63403689409692E-004,-8.11967881922037E-003,-1.36708057761680E-002,-4.59556121037401E-003
novaehollandiae_taree_c.040684_01,1.16152084706164E-001,1.74991966496833E-002,1.94627844173759E-002,-9.31341019268847E-003,3.12797789081434E-002,-3.32060443142897E-003,-2.91160556579082E-003,1.15423802342048E-002,3.84036953593812E-003,1.53557918008974E-003
novaehollandiae_taree_c.075171_01,6.91640421270982E-002,4.40761981852017E-002,-5.30738977976437E-003,1.02591410588538E-002,2.53442558368228E-002,-2.06862003400759E-002,1.47264853058449E-002,-1.07760314452440E-002,1.10402796211595E-002,5.54539938670523E-003
novaehollandiae_taree_c.091795_01,9.05108516087263E-002,8.52914623131862E-003,1.10101278438626E-002,-1.24862059954686E-002,-2.16989909141183E-003,-2.35707786295698E-003,-5.48037949183996E-003,-7.92141836068525E-003,7.51629293256013E-003,-1.15750698246422E-002
novaehollandiae_taree_c.109931_01,5.84043468772029E-002,2.19958337163636E-002,3.69230675940492E-002,1.04676532306476E-002,-4.49527001273063E-002,-9.03014278070254E-003,-4.31455223062922E-003,-1.16462513553390E-002,-1.80820046718021E-003,-1.36156139215007E-002
novaehollandiae_taree_c.153261_01,8.76832539217501E-002,-1.72204359837611E-002,1.73490434568450E-002,3.27233055703157E-003,8.28725821774017E-003,-5.99504769044899E-003,4.05125745631850E-005,-1.17301405089402E-002,-4.31442058617629E-003,-5.96119434561182E-003
novaehollandiae_taree_c.174783_01,7.36089371797925E-002,1.00905701552476E-004,1.68337445582689E-002,1.05704203221970E-002,-3.50656865112846E-003,-1.35870208593620E-002,1.24247417545011E-002,6.06540059306755E-003,3.82685148677228E-003,4.56667256619923E-003
novaehollandiae_upper-bellinger_c.033228_01,1.08148188803678E-002,4.47292876619558E-002,-7.29059793681907E-003,-3.47592216491904E-003,-3.29208935597051E-002,-8.77563965266617E-003,-2.71126864380101E-003,-3.17153018899819E-003,5.02255603231894E-003,-9.89462268726797E-003
novaehollandiae_upper-bellinger_c.033228_02,-1.65731650898534E-002,1.16981021708160E-001,2.48223051378796E-002,9.33352039075568E-003,-2.04990698036163E-003,1.13356073385928E-002,1.00659347868340E-002,-6.81157952470881E-003,7.47644402476661E-003,3.72755279929199E-003
novaehollandiae_wallignat_c.158005_01,1.54484314434530E-002,3.08378146701280E-002,-3.92551622075924E-004,-6.02167046076438E-003,2.98127565973385E-003,-3.13139189246963E-003,5.06861845162588E-003,9.13317466080563E-003,-1.72789468231224E-004,-3.67767091598731E-003
novaehollandiae_wallis_c.112169_01,-1.15182615758670E-002,4.37650810455205E-002,2.55826440071785E-002,-1.35026806867660E-004,-1.27352414975466E-002,-8.45811505681061E-004,-1.57176318621519E-003,1.25967331893777E-003,-1.71524135353286E-003,5.81147034083454E-003
novaehollandiae_wallis_c.112169_02,-7.04750697444826E-002,4.98395122863273E-002,2.13250395929900E-002,2.00528510203307E-002,-1.68873218599214E-003,-2.21188904835794E-002,-4.84833863002385E-003,7.16019467418744E-003,5.97663410413424E-003,1.77289116605731E-003
novaehollandiae_wallis_c.112169_03,5.93622912264174E-002,2.76171251695651E-002,5.59990916346442E-002,-3.13749070356812E-003,1.27962373704598E-002,-1.16349631226401E-002,-4.24519078798033E-003,8.96953928380338E-003,4.84616911007155E-003,3.94914044070722E-003
novaehollandiae_wallis_c.112199_01,8.88257490310850E-002,2.64916385697064E-002,6.12238768689818E-002,1.51384217808865E-002,1.37342264344435E-002,1.52450060243222E-002,-7.76873202579300E-003,-6.46518015980065E-003,-9.44410470406921E-004,-5.56332122172359E-003
novaehollandiae_wallis_c.112199_02,1.40536924102215E-002,-8.25635884065221E-003,8.07097066932534E-003,-5.32335075133411E-003,-6.91263820644258E-003,-5.53063552100330E-003,8.56026611666234E-003,8.72093055219122E-003,-4.43596914958491E-003,5.96904826541171E-003
novaehollandiae_wauchop_c.105163_01,9.97962798644533E-002,-3.55305956369897E-003,-4.81313976373650E-002,-1.25472182395155E-002,2.08287348803115E-002,-1.45752674213923E-003,-1.08532112440783E-002,1.30945340675308E-002,1.04013103095328E-002,3.18926381461091E-004
novaehollandiae_wauchope_c.107272_01,1.16422318637422E-001,-1.35410913406518E-003,1.57611195540308E-002,1.22316353954458E-002,1.19871545107118E-003,-9.41480887716428E-003,-8.77780645181852E-003,-1.97634257583777E-002,6.55683991999621E-004,1.11873965405595E-002
novaehollandiae_wauchope_c.158019_01,9.56137685730922E-002,4.24575379247958E-004,4.66655429869369E-002,1.48892365253752E-002,-8.67711605871790E-003,2.00542456147745E-003,2.80875131408723E-003,-1.00974889663270E-002,-6.33797627542230E-003,9.37855146054430E-003
novaehollandiae_wauchope_c.158019_02,3.60894865026638E-002,2.76289860379774E-002,5.29837539775754E-002,2.21951687548020E-002,2.41344871146082E-003,1.66607282894221E-002,-9.25725182557334E-003,-1.90787239961235E-002,-7.30874126794129E-003,-9.57775639104509E-004
novaehollandiae_wauchope_c.158019_03,7.42704425918621E-002,4.11968799024689E-002,1.15610253281136E-002,-1.46806515179599E-002,-1.16088824574429E-002,2.85409920566327E-003,-1.99167014413422E-003,4.09769853478797E-003,-1.42363343679464E-003,-7.16509674282337E-005
novaehollandiae_whoota_c.452998_01,7.19757684992345E-002,-1.71549480589275E-002,-1.41717813575789E-003,-1.12449767218081E-002,2.47230586478292E-002,5.62079936290362E-003,1.50161306542858E-002,-9.02243873708741E-004,-3.56115734139282E-003,7.34150723324991E-003
novaehollandiae_woolgoolga_c.158026_01,-2.15389903564734E-004,6.62797078270503E-002,1.09500855459317E-002,1.72799237843443E-003,4.72751749737945E-003,-3.73272207316910E-003,4.65750296883567E-003,3.66481171431108E-003,4.43728829406769E-004,-6.28418044234857E-003
novaehollandiae_armidale_c.272204_01,9.94521812775322E-002,4.34790537218739E-002,-3.08048253002957E-002,-3.24712458892415E-002,-1.35352944302051E-003,-5.71760071284903E-003,-3.88534656662630E-003,1.77199028269000E-002,2.24265177982016E-003,6.46229304647427E-003
novaehollandiae_bruxner_c.517182_01,6.45176154999675E-002,1.64585173483938E-002,1.26267052463239E-002,3.02597754188090E-002,8.12451404248311E-003,-1.75336635904062E-003,-6.32300258071142E-004,4.66179110538243E-004,4.78720359373927E-003,2.25500026122594E-003
novaehollandiae_bruxner_c.517182_02,1.15448664610164E-002,2.06900590853056E-002,-3.15603746541505E-003,-9.24196014018867E-003,-2.60893030318595E-003,-5.31808813825554E-003,-3.24732279506357E-003,-8.02418633688694E-003,2.94926517458319E-003,4.31572049484748E-003
novaehollandiae_bulahdelah_c.118236_01,4.67411036901823E-002,1.58690157141403E-002,1.72294555450739E-002,-8.94819919787327E-004,-7.72872398182151E-003,-1.31957173393713E-003,1.23487986043954E-002,1.13055640329955E-002,-7.94841287416785E-003,1.65706594201940E-003
novaehollandiae_bulahdelah_c.272198_01,9.42924851114260E-002,2.41295913664799E-002,-1.92471805745996E-002,-3.96646126509202E-002,2.56755997602733E-002,2.74264901470945E-003,6.81219334246735E-003,-1.15334118317522E-002,1.38144453948377E-002,-1.54052084992471E-003
novaehollandiae_dorigo_c.272199_01,9.65181646951949E-002,-1.79032243022908E-002,4.43715512224545E-002,-9.69233485275834E-003,-1.10128985866333E-003,-1.13460466243313E-002,-9.03841484705162E-003,9.05016327374261E-003,-3.77016877947401E-003,1.05041019051950E-003
novaehollandiae_dorigo_c.272203_01,3.90810001088003E-002,1.04885593110254E-001,-7.43258627111586E-002,-2.93986452042638E-002,-4.75619955477398E-003,2.54874298811700E-002,3.95494261142887E-003,5.47921063993146E-004,6.18297017511182E-004,2.69920116157786E-003
novaehollandiae_new-england_c.272196_01,9.86185125634496E-002,2.25043154640724E-002,2.78145360994109E-002,-3.57400593785694E-002,-6.40819997470176E-003,1.81011527507251E-002,-1.48990326023624E-002,1.06692670920817E-002,-7.34433265835680E-003,-1.17967211264640E-002
novaehollandiae_new-england_c.465644_01,1.50581240804907E-001,-1.15131604877535E-002,8.00233579573799E-002,-3.40501839283956E-002,-6.95195051337689E-002,2.35328375460462E-002,-3.30673174193390E-003,1.70237985857576E-003,6.84362696714010E-005,-3.00690234433946E-003
novaehollandiae_ngambaa_c.272194_01,1.03230366094488E-001,-9.02838880789279E-003,2.84196003232913E-003,-1.51117642456031E-002,-2.00877464095220E-003,1.91185659174890E-002,7.39816906588833E-003,-1.78373340862836E-002,-9.22297283569340E-003,3.25520628155409E-003
novaehollandiae_tapin-tops_c.272197_01,1.19172161852848E-002,2.00530887711380E-002,-2.58244742103433E-002,2.19168703317651E-003,-2.62275246397596E-002,6.69252743267926E-003,7.51703040710663E-004,-4.81286632046412E-003,1.58702094716764E-003,1.37099865853973E-003
novaehollandiae_tapin-tops_c.272197_02,7.14248954829301E-002,1.40516676965099E-002,2.54985467197250E-002,-6.47522077697684E-003,-6.99242104671168E-003,-9.19558481701541E-003,4.26367625518027E-003,1.19751839683249E-002,4.58981615824892E-003,-1.76964800353697E-003
novaehollandiae_tapin-tops_c.593269_01,9.93180990778722E-002,-1.99818339581444E-003,2.99754312987915E-002,-1.69746927054273E-002,-2.48191419227931E-003,1.14179070242383E-003,-7.25813997057233E-003,3.30185154438446E-003,-1.63277726111059E-003,6.38929992080631E-004
novaehollandiae_taree_c.272202_01,1.08817182086408E-001,2.21807712200028E-002,4.23969103994307E-002,3.67153583581027E-003,-1.01415124834425E-002,-2.24569375225970E-003,3.05483136238258E-003,-1.56285537151580E-003,2.47962825707058E-003,-1.96426919401282E-003
novaehollandiae_yarriabini_c.272195_01,5.81942243537376E-002,-9.34631542246581E-003,3.37637605632807E-002,1.23440528817235E-002,1.44185520956045E-002,1.97701679583880E-003,1.00658950223611E-002,1.01538030494602E-002,8.32979079607061E-003,-1.76014429733397E-003
richmondiana_booyong_c.112134_01,-1.94414334535000E-002,-1.95008681386514E-002,-6.67559057692548E-002,4.09052273669433E-002,2.56671735135893E-003,-3.94832302441637E-004,1.47233552071891E-002,-2.64943116398686E-003,2.81979415507450E-003,-1.90651109762057E-003
richmondiana_booyong_c.112134_02,-3.88453270817752E-004,-9.65489618515628E-002,-1.89564046654480E-002,1.87008720205942E-002,8.93903708398951E-003,1.07598482000224E-002,-1.83899252454143E-002,1.62751565532816E-002,-1.25259817447553E-003,6.29390791581234E-003
richmondiana_byron-bay_c.112131_01,6.34143846266104E-002,-5.98817047489573E-002,-1.24899484199333E-002,1.65937657838482E-002,-1.14636144861410E-002,8.71760854487501E-003,1.70633324949230E-002,-6.19196791098787E-003,1.79147996189580E-003,6.49481026134839E-003
richmondiana_curumbin-valley_c.158029_01,1.02670206434855E-002,-1.67075654732766E-002,-5.58531894010785E-002,1.69208829072241E-003,1.66623842189608E-002,1.44954398893340E-002,-4.93336266305633E-003,2.30989331333987E-003,3.64263354142183E-003,7.80206489540454E-004
richmondiana_darlington_c.112136_01,9.39388287331371E-002,-6.73698008342139E-002,-2.17629844465995E-002,2.16842376187391E-002,5.33599516587784E-003,-4.17698831497707E-003,-1.23153995205220E-003,4.37041558465690E-003,-3.02154916952553E-003,5.04803231842742E-003
richmondiana_lamington_c.112133_01,-5.97351421980576E-002,-2.93464722536607E-002,-5.56627274029551E-002,3.42404903473433E-003,9.56771455395689E-003,1.00572208147188E-002,-1.14087871411714E-002,8.32868774058393E-003,1.51910832438352E-002,-5.25980458828445E-003
richmondiana_lamington_c.112133_02,-1.40957979295963E-002,-3.73469153598055E-002,-3.30509790867318E-002,2.22675078673984E-002,5.20517133364005E-003,-1.24660482698646E-002,-7.12100921245612E-003,-6.63051591677678E-003,1.39514258406056E-002,2.99553282547061E-003
richmondiana_lismore_c.012184_01,1.21900109266461E-001,-6.04599176716179E-002,-1.13585434286484E-003,-7.69773114893871E-003,-3.04506347941383E-002,3.28251971396739E-002,-1.30210886072685E-003,-2.67875557680215E-004,-3.85906044636472E-003,-1.11068511730698E-002
richmondiana_lismore_c.103696_01,-5.68721388708969E-002,-3.22595718042869E-002,-7.08020860459740E-002,2.01100721881870E-002,9.15400450989478E-004,3.62023962653038E-003,1.11398124853771E-002,-1.90917961723687E-003,-2.36049929666095E-002,-7.04860723750346E-003
richmondiana_lismore_c.105562_01,-2.97569531008805E-002,-6.17760944723951E-002,-1.13877646322301E-002,1.59787070882090E-004,-1.26957739160464E-002,-8.00463185130227E-003,4.74381964419543E-003,-1.03571556747221E-002,-6.55569999205718E-004,-2.08087395465869E-003
richmondiana_lismore_c.105562_02,1.73691873844201E-003,-7.79358242884558E-002,-4.30891872086943E-002,1.20532092950679E-002,1.88446344837228E-003,-1.33285128605099E-003,-2.46166715705772E-003,-5.38183424813310E-004,-2.52355302565015E-003,-5.82645898830427E-003
richmondiana_lismore_c.112143_01,3.25376370429474E-002,-2.92205778032761E-002,1.67247550399404E-002,2.13925090122215E-002,1.50206952689352E-002,9.49585385384470E-004,-5.27161948757824E-003,1.73063669402654E-003,-9.16029560842285E-003,4.49961828395014E-003
richmondiana_lismore_c.128856_01,3.47944226936716E-002,-6.72124881904297E-002,-2.10955692130484E-002,-5.28340170604583E-003,-1.07235092685257E-002,-1.14040982695278E-002,-1.66834122735360E-003,1.23998836062775E-002,-5.11096588460579E-003,6.05325370796311E-003
richmondiana_mt-glorious_c.107145_01,6.34781903254934E-002,-3.86639641126441E-002,-2.81286717516012E-002,3.30814854523484E-002,3.45301925667644E-002,1.14661424326332E-002,9.92986453653101E-003,4.22194172255100E-003,-2.86269577169590E-003,2.28928341836013E-003
richmondiana_mt-glorius_c.474709_01,3.22884436914874E-002,-7.32991645356796E-003,-3.54549380010755E-002,2.89050022696973E-002,-2.40130033467864E-002,1.69424399165313E-002,4.79015187821149E-003,-7.00251838441414E-003,-9.24848648200612E-004,-3.71053822503980E-003
richmondiana_mt-tamborine_c.092297_01,2.15006422540090E-002,-5.82657717936655E-002,-7.33401677253218E-002,-4.54547504398673E-003,2.44955023000658E-002,1.87124980101540E-003,-1.06505240558800E-002,1.95085499072835E-003,-2.22191745852782E-004,9.51248325827054E-004
richmondiana_mt-tamborine_c.112124_01,-1.92325599194222E-002,-4.71556657997497E-002,-2.51854771862657E-002,1.96628373735182E-002,1.19023734575862E-002,1.49979227482794E-002,1.07808585818431E-003,5.60881728745707E-003,5.03076392178855E-003,1.71295560008107E-003
richmondiana_mt-tamborine_c.112124_02,6.18932760710585E-002,-6.33292379084655E-002,-4.58192533763927E-002,-7.44812971986388E-003,3.01704933372778E-002,-2.48422063850133E-004,7.28305238591060E-003,7.36062709484704E-003,-1.00370113158833E-002,-2.17278724813803E-003
richmondiana_mt-tamborine_c.112137_01,-2.03361196901093E-004,-6.46928347118956E-002,2.32268509092686E-003,-2.37391691128420E-003,-2.66493793220408E-002,-2.38107335150332E-003,1.05859042078279E-003,-1.19149761325866E-002,5.00148688838034E-003,2.27942504359151E-003
richmondiana_mt-tamborine_c.112137_02,4.71499417305497E-002,-7.18029068454663E-002,-2.63381494129607E-002,6.13516265045765E-003,-2.75559081658494E-002,3.65704443075240E-002,1.59923594165965E-002,-1.11880320258827E-002,1.18570207389304E-002,8.73786306559279E-003
richmondiana_mt-tamborine_c.112142_01,4.21807755363710E-002,-4.33705196731471E-002,-2.96281347532823E-002,1.91471132269999E-002,1.72820923025044E-002,-1.89795403052129E-003,4.69928978127064E-003,-1.03746116510888E-002,3.90979938365826E-003,1.05706789098130E-003
richmondiana_mt-tamborine_c.158025_01,5.50020846590898E-002,-7.19171118996740E-002,-8.96087394264053E-002,-3.69802584372657E-002,4.06352326047368E-003,-5.75111837029957E-003,6.37602366273011E-003,-2.32171838520155E-004,-6.79768796401601E-003,3.61379854457184E-003
richmondiana_mt-tamborine_c.158025_02,9.64781256502664E-003,-4.22361985387415E-002,-4.20824144360732E-002,1.54535816485878E-002,1.57628454453426E-002,5.90432472595578E-003,5.51960767903319E-003,1.75443600510293E-003,7.74759231180311E-003,-5.01348535256275E-004
richmondiana_mt-warning_c.112146_01,4.45642583364369E-002,-7.30456152679743E-002,-3.76231193231547E-002,1.19093265998507E-002,-2.51889291916809E-003,-1.38381296245633E-002,-2.82876100827379E-003,-1.99689745602211E-003,2.26999056570393E-003,-1.00067430157100E-003
richmondiana_mullumbimby_c.060028_01,4.91460157640767E-002,-2.55893396892729E-002,-2.81723778398602E-002,2.12849957480129E-002,-4.76700757439211E-003,1.77369212918237E-002,-4.54637373883285E-004,6.09071847987822E-003,-4.99625306612692E-003,-1.23900694277457E-003
richmondiana_mullumbimby_c.060028_02,8.55346067828271E-002,-6.42693210359708E-002,-2.48306455443610E-002,9.25170237573740E-003,-2.55308120758155E-003,6.44523970730794E-003,3.05738253943513E-004,-6.13422283772225E-003,-1.96965075164884E-003,-2.23644165065375E-003
richmondiana_mullumbimby_c.135521_01,-1.45088060991700E-002,-4.95918738707014E-002,-9.22687362898444E-003,1.76588166337556E-002,4.44211063734595E-003,-8.28716714117142E-003,-5.91387334776950E-003,2.51617285780082E-003,1.45668415765512E-002,2.80910038227389E-003
richmondiana_na_c.112126_01,2.72361462074368E-002,-6.26780780371514E-002,-2.38584620667662E-002,-9.73450846682903E-003,-3.77900382547344E-002,1.43777603449738E-002,5.37817156613944E-003,-6.85691049424989E-004,-1.15308264767775E-002,4.10056886463437E-003
richmondiana_na_c.114512_01,-5.33973192400446E-002,2.01887301254065E-003,4.92174082892655E-002,3.18122278320401E-002,-1.38772923702375E-002,3.18554836663233E-002,-5.70359250567652E-003,1.48361904056014E-002,7.71217746690424E-003,-2.54350475835279E-003
richmondiana_port-denison_c.71753_01,7.99786442190243E-002,-4.23846697369804E-002,3.78733569461379E-003,9.98982519604933E-003,-6.05499550742265E-003,1.41759094731285E-002,-7.96903677765682E-003,8.07200513455826E-003,6.72570302371465E-003,5.94310289516817E-003
richmondiana_richmond-river_c.112125_01,-2.70456765205609E-002,-8.78595559450812E-002,-4.07834209687543E-002,7.26353942737607E-003,-2.63979411402508E-002,2.32056726823096E-003,-2.37409310819669E-003,-3.82668083656984E-003,6.79114154711100E-003,-2.78814576887954E-003
richmondiana_richmond-river_c.112125_02,2.15596774894435E-002,-6.11181107355172E-002,-6.06488129432752E-002,-1.88248731841819E-002,-2.55205975260065E-002,-2.76645305471089E-003,4.28631132912116E-003,1.55649829476726E-002,6.79554286555981E-003,2.31523341149586E-003
richmondiana_richmond-river_c.112128_01,6.64040535545427E-003,-7.61184222299716E-002,-6.36374018257274E-002,-8.84589219271555E-003,-4.41552518286662E-003,6.22399074407630E-003,-1.40944727032061E-002,1.55781333856375E-003,6.35082841257565E-003,3.72495231173462E-003
richmondiana_richmond-river_c.112132_01,4.82717323195854E-002,-5.14514265865825E-002,-1.74367139403316E-002,2.59242465208400E-002,-1.07712226795607E-002,-1.66799669838706E-002,-2.06582854695500E-003,-6.27558813154594E-003,5.91453304296397E-003,1.71923064800681E-004
richmondiana_richmond-river_c.112138_01,2.78644930346301E-002,-8.35199962058628E-002,-1.09543467446957E-003,1.69379599258232E-002,-6.80235244090916E-003,3.09009441068301E-003,7.19995777630950E-003,5.10577087282081E-003,1.33940967189401E-003,-1.76502436761126E-002
richmondiana_richmond-river_c.114511_01,-4.71440263346395E-003,-6.87340094199634E-002,-6.83443363818232E-004,1.82369583811926E-003,-4.02354688241896E-002,2.62549531891276E-002,1.17675753143509E-002,1.75853857074089E-002,1.79487542625693E-003,9.57134962845246E-003
richmondiana_richmond-river_c.114511_02,-5.82645088324788E-002,4.37014470346880E-003,-5.29016466920065E-002,4.72146487248261E-002,-1.85035101623278E-002,1.76977930045570E-003,4.08039746115970E-004,1.06662414825442E-002,-7.41528428284492E-003,-4.79874818686280E-003
richmondiana_richmond-river_c.118330_01,-1.01167357366538E-001,-3.50356971406568E-002,-1.38201680835053E-003,3.67435162736624E-002,4.18140068744769E-003,-1.34772068088801E-002,2.85562155608494E-003,-7.64265007501802E-003,1.14805047516972E-002,1.11397757658707E-002
richmondiana_richmond-river_c.118330_02,1.05642995144872E-001,-2.14885038609948E-002,3.99817851141103E-003,1.46920750633187E-002,-1.82841238876841E-002,1.38223268036836E-002,-1.19740683705190E-002,1.82048386357936E-003,-2.77092835940199E-003,-4.70888695944881E-003
richmondiana_richmond-river_c.118330_03,-4.69420546058817E-002,-3.43852024233720E-002,-5.85851462067815E-002,3.45850514622432E-002,-4.49459229619369E-003,4.16571098306831E-003,-9.26568849808987E-003,8.13617055133283E-003,-6.29005586135725E-003,-1.02017986317536E-003
richmondiana_richmond-river_c.158028_01,8.08166567437076E-003,-6.18861190556590E-002,1.56822183007622E-002,2.07670374720059E-002,-3.16014235597019E-003,-2.82254404789772E-003,-3.16435628831572E-003,-5.48297572494242E-003,1.63238995743683E-003,3.95463065968497E-003
richmondiana_richmond-river_c.33223_01,3.48524366691453E-002,-4.35051321345804E-002,-4.97937486048973E-002,1.51230223010603E-002,-1.67868080049423E-002,1.14622916600703E-002,9.93840383142072E-003,1.10892037856146E-003,-5.73572301869487E-003,1.16825691983688E-002
richmondiana_richmond-river_c.33223_02,3.59818665748056E-002,-7.85256130245985E-002,-3.94338745486289E-002,-3.17056180582500E-003,-2.34007901713414E-002,-6.06786961805903E-003,1.49609403719717E-002,5.44212383616759E-003,-5.50646174896580E-003,-8.59729374258813E-003
richmondiana_richmond-river_c.33224_01,-2.88330259519282E-002,-3.25525930385147E-003,-5.19944158359789E-002,2.57158731628627E-002,1.96985708489864E-002,2.07643975973004E-002,-5.37724729399274E-004,1.04238618113438E-002,4.53550806165003E-003,6.58452208044678E-003
richmondiana_richmond-river_c.33224_02,5.11081856546556E-002,-9.04265210050435E-002,-4.84467865384461E-002,-5.39178956148034E-003,-2.25645219115913E-002,1.65446080123139E-002,-3.98615356806815E-003,8.50262846722451E-003,-1.45713829819660E-003,-9.07356618917777E-004
richmondiana_richmond-river_c.474704_01,-2.15173395583925E-003,-4.91223177281314E-002,9.64338994271006E-003,1.38852657377966E-002,-8.49308931885084E-003,1.50766170295428E-002,7.12335769006243E-003,7.26147276967887E-003,-1.08176954009045E-003,-1.34356863343345E-003
richmondiana_tweed_c.158027_01,4.33472576425574E-002,-1.99670716308633E-002,-5.27677868074396E-002,6.33791845873571E-003,4.93046476691871E-003,2.59096029243061E-002,4.61413759577819E-003,-7.13652147968732E-003,-6.96418598170618E-003,-1.30242715210253E-003
richmondiana_wollongbar_c.112135_01,-2.84390448874171E-002,-1.39362295763614E-002,-6.89571417911038E-003,3.64918336685310E-002,1.36753407262805E-002,1.54551774212664E-003,-7.02076990390200E-003,2.89231232586180E-003,3.39050633649046E-003,-4.14892033900498E-003
richmondiana_wollongbar_c.112135_02,-3.60202067881841E-002,-1.12656745637996E-001,-4.50019162363049E-002,-1.27944553420525E-002,-1.86634450600710E-002,-8.35474017773735E-003,4.53975428406640E-003,-1.03156118697058E-003,5.32588942299023E-004,3.39152701684458E-004
richmondiana_wollongbar_c.112135_03,-2.10259474570201E-002,-3.66080172887772E-002,-4.50843453995556E-002,8.34659507158346E-003,-4.14983071340283E-003,3.36483111488879E-002,2.19848779010620E-002,1.03437450867720E-002,1.02884238709734E-003,-3.75518584883204E-003
richmondiana_wollongbar_c.112135_04,-1.16860931000749E-002,-6.70854804876418E-002,-1.84180219390427E-002,1.01012783136146E-002,-1.28215949384783E-002,-4.12477783811810E-004,6.26640304742001E-004,-1.12402053320874E-002,1.22162701690171E-003,-4.58802793938148E-003
